,Loan_ID,Gender,Married,Dependents,Education,Self_Employed,ApplicantIncome,CoapplicantIncome,LoanAmount,Loan_Amount_Term,Credit_History,Property_Area,Loan_Status,Total_Income,Total_Income_Bins,LoanIncomeRatio,LoanIncomeRatio_Bins
0,LP001002,Male,No,0,Graduate,No,5849.0,0.0,146.41216216216216,360.0,1.0,Urban,Y,5849.0,High,2.5031999001908387,High
1,LP001003,Male,Yes,1,Graduate,No,4583.0,1508.0,128.0,360.0,1.0,Rural,N,6091.0,High,2.10146117222131,High
2,LP001005,Male,Yes,0,Graduate,Yes,3000.0,0.0,66.0,360.0,1.0,Urban,Y,3000.0,Medium,2.1999999999999997,High
3,LP001006,Male,Yes,0,Not Graduate,No,2583.0,2358.0,120.0,360.0,1.0,Urban,Y,4941.0,Medium,2.428658166363084,High
4,LP001008,Male,No,0,Graduate,No,6000.0,0.0,141.0,360.0,1.0,Urban,Y,6000.0,High,2.35,High
5,LP001011,Male,Yes,2,Graduate,Yes,5417.0,4196.0,267.0,360.0,1.0,Urban,Y,9613.0,High,2.777488817226672,High
6,LP001013,Male,Yes,0,Not Graduate,No,2333.0,1516.0,95.0,360.0,1.0,Urban,Y,3849.0,Medium,2.468173551571837,High
7,LP001014,Male,Yes,3+,Graduate,No,3036.0,2504.0,158.0,360.0,0.0,Semiurban,N,5540.0,High,2.851985559566787,High
8,LP001018,Male,Yes,2,Graduate,No,4006.0,1526.0,168.0,360.0,1.0,Urban,Y,5532.0,High,3.036876355748373,High
9,LP001020,Male,Yes,1,Graduate,No,12841.0,10968.0,349.0,360.0,1.0,Semiurban,N,23809.0,Very high,1.4658322483094628,Medium
10,LP001024,Male,Yes,2,Graduate,No,3200.0,700.0,70.0,360.0,1.0,Urban,Y,3900.0,Medium,1.7948717948717947,Medium
11,LP001027,Male,Yes,2,Graduate,No,2500.0,1840.0,109.0,360.0,1.0,Urban,Y,4340.0,Medium,2.511520737327189,High
12,LP001028,Male,Yes,2,Graduate,No,3073.0,8106.0,200.0,360.0,1.0,Urban,Y,11179.0,Very high,1.7890687896949637,Medium
13,LP001029,Male,No,0,Graduate,No,1853.0,2840.0,114.0,360.0,1.0,Rural,N,4693.0,Medium,2.42914979757085,High
14,LP001030,Male,Yes,2,Graduate,No,1299.0,1086.0,17.0,120.0,1.0,Urban,Y,2385.0,Low,0.7127882599580713,Low
15,LP001032,Male,No,0,Graduate,No,4950.0,0.0,125.0,360.0,1.0,Urban,Y,4950.0,Medium,2.525252525252525,High
16,LP001034,Male,No,1,Not Graduate,No,3596.0,0.0,100.0,240.0,1.0,Urban,Y,3596.0,Medium,2.7808676307007785,High
17,LP001036,Female,No,0,Graduate,No,3510.0,0.0,76.0,360.0,0.0,Urban,N,3510.0,Medium,2.1652421652421654,High
18,LP001038,Male,Yes,0,Not Graduate,No,4887.0,0.0,133.0,360.0,1.0,Rural,N,4887.0,Medium,2.7215060364231634,High
19,LP001041,Male,Yes,0,Graduate,No,2600.0,3500.0,115.0,360.0,1.0,Urban,Y,6100.0,High,1.8852459016393444,Medium
20,LP001043,Male,Yes,0,Not Graduate,No,7660.0,0.0,104.0,360.0,0.0,Urban,N,7660.0,High,1.3577023498694516,Medium
21,LP001046,Male,Yes,1,Graduate,No,5955.0,5625.0,315.0,360.0,1.0,Urban,Y,11580.0,Very high,2.7202072538860103,High
22,LP001047,Male,Yes,0,Not Graduate,No,2600.0,1911.0,116.0,360.0,0.0,Semiurban,N,4511.0,Medium,2.571491908667701,High
23,LP001050,Male,Yes,2,Not Graduate,No,3365.0,1917.0,112.0,360.0,0.0,Rural,N,5282.0,High,2.1204089360090874,High
24,LP001052,Male,Yes,1,Graduate,No,3717.0,2925.0,151.0,360.0,1.0,Semiurban,N,6642.0,High,2.273411623005119,High
25,LP001066,Male,Yes,0,Graduate,Yes,9560.0,0.0,191.0,360.0,1.0,Semiurban,Y,9560.0,High,1.9979079497907952,Medium
26,LP001068,Male,Yes,0,Graduate,No,2799.0,2253.0,122.0,360.0,1.0,Semiurban,Y,5052.0,High,2.414885193982581,High
27,LP001073,Male,Yes,2,Not Graduate,No,4226.0,1040.0,110.0,360.0,1.0,Urban,Y,5266.0,High,2.088872009115078,High
28,LP001086,Male,No,0,Not Graduate,No,1442.0,0.0,35.0,360.0,1.0,Urban,N,1442.0,Low,2.4271844660194173,High
29,LP001087,Female,No,2,Graduate,No,3750.0,2083.0,120.0,360.0,1.0,Semiurban,Y,5833.0,High,2.0572604148808504,High
30,LP001091,Male,Yes,1,Graduate,No,4166.0,3369.0,201.0,360.0,1.0,Urban,N,7535.0,High,2.6675514266755145,High
31,LP001095,Male,No,0,Graduate,No,3167.0,0.0,74.0,360.0,1.0,Urban,N,3167.0,Medium,2.3365961477739186,High
32,LP001097,Male,No,1,Graduate,Yes,4692.0,0.0,106.0,360.0,1.0,Rural,N,4692.0,Medium,2.2591645353793695,High
33,LP001098,Male,Yes,0,Graduate,No,3500.0,1667.0,114.0,360.0,1.0,Semiurban,Y,5167.0,High,2.2063092703696534,High
34,LP001100,Male,No,3+,Graduate,No,12500.0,3000.0,320.0,360.0,1.0,Rural,N,15500.0,Very high,2.064516129032258,High
35,LP001106,Male,Yes,0,Graduate,No,2275.0,2067.0,146.41216216216216,360.0,1.0,Urban,Y,4342.0,Medium,3.3719982073275485,High
36,LP001109,Male,Yes,0,Graduate,No,1828.0,1330.0,100.0,360.0,0.0,Urban,N,3158.0,Medium,3.1665611146295127,High
37,LP001112,Female,Yes,0,Graduate,No,3667.0,1459.0,144.0,360.0,1.0,Semiurban,Y,5126.0,High,2.809207959422552,High
38,LP001114,Male,No,0,Graduate,No,4166.0,7210.0,184.0,360.0,1.0,Urban,Y,11376.0,Very high,1.6174402250351618,Medium
39,LP001116,Male,No,0,Not Graduate,No,3748.0,1668.0,110.0,360.0,1.0,Semiurban,Y,5416.0,High,2.031019202363368,High
40,LP001119,Male,No,0,Graduate,No,3600.0,0.0,80.0,360.0,1.0,Urban,N,3600.0,Medium,2.2222222222222223,High
41,LP001120,Male,No,0,Graduate,No,1800.0,1213.0,47.0,360.0,1.0,Urban,Y,3013.0,Medium,1.5599070693660804,Medium
42,LP001123,Male,Yes,0,Graduate,No,2400.0,0.0,75.0,360.0,1.0,Urban,Y,2400.0,Low,3.125,High
43,LP001131,Male,Yes,0,Graduate,No,3941.0,2336.0,134.0,360.0,1.0,Semiurban,Y,6277.0,High,2.1347777600764695,High
44,LP001136,Male,Yes,0,Not Graduate,Yes,4695.0,0.0,96.0,360.0,1.0,Urban,Y,4695.0,Medium,2.0447284345047922,High
45,LP001137,Female,No,0,Graduate,No,3410.0,0.0,88.0,360.0,1.0,Urban,Y,3410.0,Medium,2.5806451612903225,High
46,LP001138,Male,Yes,1,Graduate,No,5649.0,0.0,44.0,360.0,1.0,Urban,Y,5649.0,High,0.7788989201628607,Low
47,LP001144,Male,Yes,0,Graduate,No,5821.0,0.0,144.0,360.0,1.0,Urban,Y,5821.0,High,2.473801752276241,High
48,LP001146,Female,Yes,0,Graduate,No,2645.0,3440.0,120.0,360.0,0.0,Urban,N,6085.0,High,1.9720624486442069,Medium
49,LP001151,Female,No,0,Graduate,No,4000.0,2275.0,144.0,360.0,1.0,Semiurban,Y,6275.0,High,2.2948207171314743,High
50,LP001155,Female,Yes,0,Not Graduate,No,1928.0,1644.0,100.0,360.0,1.0,Semiurban,Y,3572.0,Medium,2.799552071668533,High
51,LP001157,Female,No,0,Graduate,No,3086.0,0.0,120.0,360.0,1.0,Semiurban,Y,3086.0,Medium,3.888528839922229,High
52,LP001164,Female,No,0,Graduate,No,4230.0,0.0,112.0,360.0,1.0,Semiurban,N,4230.0,Medium,2.647754137115839,High
53,LP001179,Male,Yes,2,Graduate,No,4616.0,0.0,134.0,360.0,1.0,Urban,N,4616.0,Medium,2.902946273830156,High
54,LP001186,Female,Yes,1,Graduate,Yes,11500.0,0.0,286.0,360.0,0.0,Urban,N,11500.0,Very high,2.4869565217391307,High
55,LP001194,Male,Yes,2,Graduate,No,2708.0,1167.0,97.0,360.0,1.0,Semiurban,Y,3875.0,Medium,2.503225806451613,High
56,LP001195,Male,Yes,0,Graduate,No,2132.0,1591.0,96.0,360.0,1.0,Semiurban,Y,3723.0,Medium,2.5785656728444803,High
57,LP001197,Male,Yes,0,Graduate,No,3366.0,2200.0,135.0,360.0,1.0,Rural,N,5566.0,High,2.4254401724757457,High
58,LP001198,Male,Yes,1,Graduate,No,8080.0,2250.0,180.0,360.0,1.0,Urban,Y,10330.0,Very high,1.7424975798644726,Medium
59,LP001199,Male,Yes,2,Not Graduate,No,3357.0,2859.0,144.0,360.0,1.0,Urban,Y,6216.0,High,2.3166023166023164,High
60,LP001205,Male,Yes,0,Graduate,No,2500.0,3796.0,120.0,360.0,1.0,Urban,Y,6296.0,High,1.9059720457433291,Medium
61,LP001206,Male,Yes,3+,Graduate,No,3029.0,0.0,99.0,360.0,1.0,Urban,Y,3029.0,Medium,3.268405414328161,High
62,LP001207,Male,Yes,0,Not Graduate,Yes,2609.0,3449.0,165.0,180.0,0.0,Rural,N,6058.0,High,2.723671178606801,High
63,LP001213,Male,Yes,1,Graduate,No,4945.0,0.0,146.41216216216216,360.0,0.0,Rural,N,4945.0,Medium,2.9608121771923592,High
64,LP001222,Female,No,0,Graduate,No,4166.0,0.0,116.0,360.0,0.0,Semiurban,N,4166.0,Medium,2.784445511281805,High
65,LP001225,Male,Yes,0,Graduate,No,5726.0,4595.0,258.0,360.0,1.0,Semiurban,N,10321.0,Very high,2.4997577754093596,High
66,LP001228,Male,No,0,Not Graduate,No,3200.0,2254.0,126.0,180.0,0.0,Urban,N,5454.0,High,2.31023102310231,High
67,LP001233,Male,Yes,1,Graduate,No,10750.0,0.0,312.0,360.0,1.0,Urban,Y,10750.0,Very high,2.902325581395349,High
68,LP001238,Male,Yes,3+,Not Graduate,Yes,7100.0,0.0,125.0,60.0,1.0,Urban,Y,7100.0,High,1.7605633802816902,Medium
69,LP001241,Female,No,0,Graduate,No,4300.0,0.0,136.0,360.0,0.0,Semiurban,N,4300.0,Medium,3.1627906976744184,High
70,LP001243,Male,Yes,0,Graduate,No,3208.0,3066.0,172.0,360.0,1.0,Urban,Y,6274.0,High,2.741472744660504,High
71,LP001245,Male,Yes,2,Not Graduate,Yes,1875.0,1875.0,97.0,360.0,1.0,Semiurban,Y,3750.0,Medium,2.5866666666666664,High
72,LP001248,Male,No,0,Graduate,No,3500.0,0.0,81.0,300.0,1.0,Semiurban,Y,3500.0,Medium,2.314285714285714,High
73,LP001250,Male,Yes,3+,Not Graduate,No,4755.0,0.0,95.0,360.0,0.0,Semiurban,N,4755.0,Medium,1.9978969505783386,Medium
74,LP001253,Male,Yes,3+,Graduate,Yes,5266.0,1774.0,187.0,360.0,1.0,Semiurban,Y,7040.0,High,2.65625,High
75,LP001255,Male,No,0,Graduate,No,3750.0,0.0,113.0,480.0,1.0,Urban,N,3750.0,Medium,3.0133333333333336,High
76,LP001256,Male,No,0,Graduate,No,3750.0,4750.0,176.0,360.0,1.0,Urban,N,8500.0,High,2.070588235294118,High
77,LP001259,Male,Yes,1,Graduate,Yes,1000.0,3022.0,110.0,360.0,1.0,Urban,N,4022.0,Medium,2.734957732471407,High
78,LP001263,Male,Yes,3+,Graduate,No,3167.0,4000.0,180.0,300.0,0.0,Semiurban,N,7167.0,High,2.5115110925073254,High
79,LP001264,Male,Yes,3+,Not Graduate,Yes,3333.0,2166.0,130.0,360.0,1.0,Semiurban,Y,5499.0,High,2.3640661938534278,High
80,LP001265,Female,No,0,Graduate,No,3846.0,0.0,111.0,360.0,1.0,Semiurban,Y,3846.0,Medium,2.886115444617785,High
81,LP001266,Male,Yes,1,Graduate,Yes,2395.0,0.0,146.41216216216216,360.0,1.0,Semiurban,Y,2395.0,Low,6.113242679004683,Very high
82,LP001267,Female,Yes,2,Graduate,No,1378.0,1881.0,167.0,360.0,1.0,Urban,N,3259.0,Medium,5.1242712488493405,Very high
83,LP001273,Male,Yes,0,Graduate,No,6000.0,2250.0,265.0,360.0,1.0,Semiurban,N,8250.0,High,3.212121212121212,High
84,LP001275,Male,Yes,1,Graduate,No,3988.0,0.0,50.0,240.0,1.0,Urban,Y,3988.0,Medium,1.2537612838515546,Medium
85,LP001279,Male,No,0,Graduate,No,2366.0,2531.0,136.0,360.0,1.0,Semiurban,Y,4897.0,Medium,2.7772105370635085,High
86,LP001280,Male,Yes,2,Not Graduate,No,3333.0,2000.0,99.0,360.0,1.0,Semiurban,Y,5333.0,High,1.8563660228764298,Medium
87,LP001282,Male,Yes,0,Graduate,No,2500.0,2118.0,104.0,360.0,1.0,Semiurban,Y,4618.0,Medium,2.252057167605024,High
88,LP001289,Male,No,0,Graduate,No,8566.0,0.0,210.0,360.0,1.0,Urban,Y,8566.0,High,2.4515526500116738,High
89,LP001310,Male,Yes,0,Graduate,No,5695.0,4167.0,175.0,360.0,1.0,Semiurban,Y,9862.0,High,1.7744879334820522,Medium
90,LP001316,Male,Yes,0,Graduate,No,2958.0,2900.0,131.0,360.0,1.0,Semiurban,Y,5858.0,High,2.2362581085694777,High
91,LP001318,Male,Yes,2,Graduate,No,6250.0,5654.0,188.0,180.0,1.0,Semiurban,Y,11904.0,Very high,1.5793010752688172,Medium
92,LP001319,Male,Yes,2,Not Graduate,No,3273.0,1820.0,81.0,360.0,1.0,Urban,Y,5093.0,High,1.5904182210877675,Medium
93,LP001322,Male,No,0,Graduate,No,4133.0,0.0,122.0,360.0,1.0,Semiurban,Y,4133.0,Medium,2.951850955722236,High
94,LP001325,Male,No,0,Not Graduate,No,3620.0,0.0,25.0,120.0,1.0,Semiurban,Y,3620.0,Medium,0.6906077348066298,Low
95,LP001326,Male,No,0,Graduate,No,6782.0,0.0,146.41216216216216,360.0,1.0,Urban,N,6782.0,High,2.1588345939569766,High
96,LP001327,Female,Yes,0,Graduate,No,2484.0,2302.0,137.0,360.0,1.0,Semiurban,Y,4786.0,Medium,2.8625156707062267,High
97,LP001333,Male,Yes,0,Graduate,No,1977.0,997.0,50.0,360.0,1.0,Semiurban,Y,2974.0,Medium,1.6812373907195695,Medium
98,LP001334,Male,Yes,0,Not Graduate,No,4188.0,0.0,115.0,180.0,1.0,Semiurban,Y,4188.0,Medium,2.7459407831900666,High
99,LP001343,Male,Yes,0,Graduate,No,1759.0,3541.0,131.0,360.0,1.0,Semiurban,Y,5300.0,High,2.4716981132075473,High
100,LP001345,Male,Yes,2,Not Graduate,No,4288.0,3263.0,133.0,180.0,1.0,Urban,Y,7551.0,High,1.761356111773275,Medium
101,LP001349,Male,No,0,Graduate,No,4843.0,3806.0,151.0,360.0,1.0,Semiurban,Y,8649.0,High,1.7458665741704245,Medium
102,LP001350,Male,Yes,0,Graduate,No,13650.0,0.0,146.41216216216216,360.0,1.0,Urban,Y,13650.0,Very high,1.0726165726165726,Medium
103,LP001356,Male,Yes,0,Graduate,No,4652.0,3583.0,146.41216216216216,360.0,1.0,Semiurban,Y,8235.0,High,1.7779254664500568,Medium
104,LP001357,Male,Yes,0,Graduate,No,3816.0,754.0,160.0,360.0,1.0,Urban,Y,4570.0,Medium,3.50109409190372,High
105,LP001367,Male,Yes,1,Graduate,No,3052.0,1030.0,100.0,360.0,1.0,Urban,Y,4082.0,Medium,2.449779519843214,High
106,LP001369,Male,Yes,2,Graduate,No,11417.0,1126.0,225.0,360.0,1.0,Urban,Y,12543.0,Very high,1.793829227457546,Medium
107,LP001370,Male,No,0,Not Graduate,No,7333.0,0.0,120.0,360.0,1.0,Rural,N,7333.0,High,1.636438019909996,Medium
108,LP001379,Male,Yes,2,Graduate,No,3800.0,3600.0,216.0,360.0,0.0,Urban,N,7400.0,High,2.918918918918919,High
109,LP001384,Male,Yes,3+,Not Graduate,No,2071.0,754.0,94.0,480.0,1.0,Semiurban,Y,2825.0,Medium,3.327433628318584,High
110,LP001385,Male,No,0,Graduate,No,5316.0,0.0,136.0,360.0,1.0,Urban,Y,5316.0,High,2.558314522197141,High
111,LP001387,Female,Yes,0,Graduate,No,2929.0,2333.0,139.0,360.0,1.0,Semiurban,Y,5262.0,High,2.6415811478525275,High
112,LP001391,Male,Yes,0,Not Graduate,No,3572.0,4114.0,152.0,360.0,0.0,Rural,N,7686.0,High,1.9776216497527972,Medium
113,LP001392,Female,No,1,Graduate,Yes,7451.0,0.0,146.41216216216216,360.0,1.0,Semiurban,Y,7451.0,High,1.9650001632285892,Medium
114,LP001398,Male,No,0,Graduate,No,5050.0,0.0,118.0,360.0,1.0,Semiurban,Y,5050.0,High,2.3366336633663365,High
115,LP001401,Male,Yes,1,Graduate,No,14583.0,0.0,185.0,180.0,1.0,Rural,Y,14583.0,Very high,1.2686004251525749,Medium
116,LP001404,Female,Yes,0,Graduate,No,3167.0,2283.0,154.0,360.0,1.0,Semiurban,Y,5450.0,High,2.8256880733944953,High
117,LP001405,Male,Yes,1,Graduate,No,2214.0,1398.0,85.0,360.0,1.0,Urban,Y,3612.0,Medium,2.353266888150609,High
118,LP001421,Male,Yes,0,Graduate,No,5568.0,2142.0,175.0,360.0,1.0,Rural,N,7710.0,High,2.2697795071335927,High
119,LP001422,Female,No,0,Graduate,No,10408.0,0.0,259.0,360.0,1.0,Urban,Y,10408.0,Very high,2.488470407378939,High
120,LP001426,Male,Yes,0,Graduate,No,5667.0,2667.0,180.0,360.0,1.0,Rural,Y,8334.0,High,2.159827213822894,High
121,LP001430,Female,No,0,Graduate,No,4166.0,0.0,44.0,360.0,1.0,Semiurban,Y,4166.0,Medium,1.056168987037926,Medium
122,LP001431,Female,No,0,Graduate,No,2137.0,8980.0,137.0,360.0,0.0,Semiurban,Y,11117.0,Very high,1.232346856166232,Medium
123,LP001432,Male,Yes,2,Graduate,No,2957.0,0.0,81.0,360.0,1.0,Semiurban,Y,2957.0,Medium,2.7392627663172133,High
124,LP001439,Male,Yes,0,Not Graduate,No,4300.0,2014.0,194.0,360.0,1.0,Rural,Y,6314.0,High,3.0725372188786824,High
125,LP001443,Female,No,0,Graduate,No,3692.0,0.0,93.0,360.0,1.0,Rural,Y,3692.0,Medium,2.5189599133261105,High
126,LP001448,Male,Yes,3+,Graduate,No,23803.0,0.0,370.0,360.0,1.0,Rural,Y,23803.0,Very high,1.55442591270008,Medium
127,LP001449,Male,No,0,Graduate,No,3865.0,1640.0,146.41216216216216,360.0,1.0,Rural,Y,5505.0,High,2.659621474335371,High
128,LP001451,Male,Yes,1,Graduate,Yes,10513.0,3850.0,160.0,180.0,0.0,Urban,N,14363.0,Very high,1.1139734038849822,Medium
129,LP001465,Male,Yes,0,Graduate,No,6080.0,2569.0,182.0,360.0,1.0,Rural,N,8649.0,High,2.1042895132385246,High
130,LP001469,Male,No,0,Graduate,Yes,20166.0,0.0,650.0,480.0,1.0,Urban,Y,20166.0,Very high,3.223247049489239,High
131,LP001473,Male,No,0,Graduate,No,2014.0,1929.0,74.0,360.0,1.0,Urban,Y,3943.0,Medium,1.8767435962465127,Medium
132,LP001478,Male,No,0,Graduate,No,2718.0,0.0,70.0,360.0,1.0,Semiurban,Y,2718.0,Medium,2.57542310522443,High
133,LP001482,Male,Yes,0,Graduate,Yes,3459.0,0.0,25.0,120.0,1.0,Semiurban,Y,3459.0,Medium,0.7227522405319456,Low
134,LP001487,Male,No,0,Graduate,No,4895.0,0.0,102.0,360.0,1.0,Semiurban,Y,4895.0,Medium,2.0837589376915218,High
135,LP001488,Male,Yes,3+,Graduate,No,4000.0,7750.0,290.0,360.0,1.0,Semiurban,N,11750.0,Very high,2.4680851063829787,High
136,LP001489,Female,Yes,0,Graduate,No,4583.0,0.0,84.0,360.0,1.0,Rural,N,4583.0,Medium,1.83286057167794,Medium
137,LP001491,Male,Yes,2,Graduate,Yes,3316.0,3500.0,88.0,360.0,1.0,Urban,Y,6816.0,High,1.2910798122065728,Medium
138,LP001492,Male,No,0,Graduate,No,14999.0,0.0,242.0,360.0,0.0,Semiurban,N,14999.0,Very high,1.6134408960597373,Medium
139,LP001493,Male,Yes,2,Not Graduate,No,4200.0,1430.0,129.0,360.0,1.0,Rural,N,5630.0,High,2.291296625222025,High
140,LP001497,Male,Yes,2,Graduate,No,5042.0,2083.0,185.0,360.0,1.0,Rural,N,7125.0,High,2.5964912280701755,High
141,LP001498,Male,No,0,Graduate,No,5417.0,0.0,168.0,360.0,1.0,Urban,Y,5417.0,High,3.1013476093778842,High
142,LP001504,Male,No,0,Graduate,Yes,6950.0,0.0,175.0,180.0,1.0,Semiurban,Y,6950.0,High,2.5179856115107913,High
143,LP001507,Male,Yes,0,Graduate,No,2698.0,2034.0,122.0,360.0,1.0,Semiurban,Y,4732.0,Medium,2.578191039729501,High
144,LP001508,Male,Yes,2,Graduate,No,11757.0,0.0,187.0,180.0,1.0,Urban,Y,11757.0,Very high,1.5905418048821978,Medium
145,LP001514,Female,Yes,0,Graduate,No,2330.0,4486.0,100.0,360.0,1.0,Semiurban,Y,6816.0,High,1.4671361502347418,Medium
146,LP001516,Female,Yes,2,Graduate,No,14866.0,0.0,70.0,360.0,1.0,Urban,Y,14866.0,Very high,0.47087313332436437,Low
147,LP001518,Male,Yes,1,Graduate,No,1538.0,1425.0,30.0,360.0,1.0,Urban,Y,2963.0,Medium,1.0124873439082012,Medium
148,LP001519,Female,No,0,Graduate,No,10000.0,1666.0,225.0,360.0,1.0,Rural,N,11666.0,Very high,1.9286816389507973,Medium
149,LP001520,Male,Yes,0,Graduate,No,4860.0,830.0,125.0,360.0,1.0,Semiurban,Y,5690.0,High,2.196836555360281,High
150,LP001528,Male,No,0,Graduate,No,6277.0,0.0,118.0,360.0,0.0,Rural,N,6277.0,High,1.8798789230524133,Medium
151,LP001529,Male,Yes,0,Graduate,Yes,2577.0,3750.0,152.0,360.0,1.0,Rural,Y,6327.0,High,2.4024024024024024,High
152,LP001531,Male,No,0,Graduate,No,9166.0,0.0,244.0,360.0,1.0,Urban,N,9166.0,High,2.662011782675104,High
153,LP001532,Male,Yes,2,Not Graduate,No,2281.0,0.0,113.0,360.0,1.0,Rural,N,2281.0,Low,4.953967558088557,Very high
154,LP001535,Male,No,0,Graduate,No,3254.0,0.0,50.0,360.0,1.0,Urban,Y,3254.0,Medium,1.5365703749231714,Medium
155,LP001536,Male,Yes,3+,Graduate,No,39999.0,0.0,600.0,180.0,0.0,Semiurban,Y,39999.0,Very high,1.5000375009375235,Medium
156,LP001541,Male,Yes,1,Graduate,No,6000.0,0.0,160.0,360.0,1.0,Rural,Y,6000.0,High,2.666666666666667,High
157,LP001543,Male,Yes,1,Graduate,No,9538.0,0.0,187.0,360.0,1.0,Urban,Y,9538.0,High,1.9605787376808557,Medium
158,LP001546,Male,No,0,Graduate,No,2980.0,2083.0,120.0,360.0,1.0,Rural,Y,5063.0,High,2.3701362828362633,High
159,LP001552,Male,Yes,0,Graduate,No,4583.0,5625.0,255.0,360.0,1.0,Semiurban,Y,10208.0,Very high,2.498040752351097,High
160,LP001560,Male,Yes,0,Not Graduate,No,1863.0,1041.0,98.0,360.0,1.0,Semiurban,Y,2904.0,Medium,3.3746556473829203,High
161,LP001562,Male,Yes,0,Graduate,No,7933.0,0.0,275.0,360.0,1.0,Urban,N,7933.0,High,3.466532207235598,High
162,LP001565,Male,Yes,1,Graduate,No,3089.0,1280.0,121.0,360.0,0.0,Semiurban,N,4369.0,Medium,2.7695124742504005,High
163,LP001570,Male,Yes,2,Graduate,No,4167.0,1447.0,158.0,360.0,1.0,Rural,Y,5614.0,High,2.814392589953687,High
164,LP001572,Male,Yes,0,Graduate,No,9323.0,0.0,75.0,180.0,1.0,Urban,Y,9323.0,High,0.8044620830204869,Low
165,LP001574,Male,Yes,0,Graduate,No,3707.0,3166.0,182.0,360.0,1.0,Rural,Y,6873.0,High,2.6480430670740582,High
166,LP001577,Female,Yes,0,Graduate,No,4583.0,0.0,112.0,360.0,1.0,Rural,N,4583.0,Medium,2.4438140955705867,High
167,LP001578,Male,Yes,0,Graduate,No,2439.0,3333.0,129.0,360.0,1.0,Rural,Y,5772.0,High,2.234927234927235,High
168,LP001579,Male,No,0,Graduate,No,2237.0,0.0,63.0,480.0,0.0,Semiurban,N,2237.0,Low,2.8162717925793475,High
169,LP001580,Male,Yes,2,Graduate,No,8000.0,0.0,200.0,360.0,1.0,Semiurban,Y,8000.0,High,2.5,High
170,LP001581,Male,Yes,0,Not Graduate,No,1820.0,1769.0,95.0,360.0,1.0,Rural,Y,3589.0,Medium,2.6469768737809973,High
171,LP001585,Male,Yes,3+,Graduate,No,51763.0,0.0,700.0,300.0,1.0,Urban,Y,51763.0,Very high,1.3523172922744044,Medium
172,LP001586,Male,Yes,3+,Not Graduate,No,3522.0,0.0,81.0,180.0,1.0,Rural,N,3522.0,Medium,2.2998296422487225,High
173,LP001594,Male,Yes,0,Graduate,No,5708.0,5625.0,187.0,360.0,1.0,Semiurban,Y,11333.0,Very high,1.6500485308391422,Medium
174,LP001603,Male,Yes,0,Not Graduate,Yes,4344.0,736.0,87.0,360.0,1.0,Semiurban,N,5080.0,High,1.7125984251968505,Medium
175,LP001606,Male,Yes,0,Graduate,No,3497.0,1964.0,116.0,360.0,1.0,Rural,Y,5461.0,High,2.1241530855154735,High
176,LP001608,Male,Yes,2,Graduate,No,2045.0,1619.0,101.0,360.0,1.0,Rural,Y,3664.0,Medium,2.756550218340611,High
177,LP001610,Male,Yes,3+,Graduate,No,5516.0,11300.0,495.0,360.0,0.0,Semiurban,N,16816.0,Very high,2.943625118934348,High
178,LP001616,Male,Yes,1,Graduate,No,3750.0,0.0,116.0,360.0,1.0,Semiurban,Y,3750.0,Medium,3.0933333333333333,High
179,LP001630,Male,No,0,Not Graduate,No,2333.0,1451.0,102.0,480.0,0.0,Urban,N,3784.0,Medium,2.6955602536997887,High
180,LP001633,Male,Yes,1,Graduate,No,6400.0,7250.0,180.0,360.0,0.0,Urban,N,13650.0,Very high,1.3186813186813187,Medium
181,LP001634,Male,No,0,Graduate,No,1916.0,5063.0,67.0,360.0,1.0,Rural,N,6979.0,High,0.960022925920619,Low
182,LP001636,Male,Yes,0,Graduate,No,4600.0,0.0,73.0,180.0,1.0,Semiurban,Y,4600.0,Medium,1.5869565217391306,Medium
183,LP001637,Male,Yes,1,Graduate,No,33846.0,0.0,260.0,360.0,1.0,Semiurban,N,33846.0,Very high,0.768185309933227,Low
184,LP001639,Female,Yes,0,Graduate,No,3625.0,0.0,108.0,360.0,1.0,Semiurban,Y,3625.0,Medium,2.9793103448275864,High
185,LP001640,Male,Yes,0,Graduate,Yes,39147.0,4750.0,120.0,360.0,1.0,Semiurban,Y,43897.0,Very high,0.2733672004920609,Low
186,LP001641,Male,Yes,1,Graduate,Yes,2178.0,0.0,66.0,300.0,0.0,Rural,N,2178.0,Low,3.0303030303030303,High
187,LP001643,Male,Yes,0,Graduate,No,2383.0,2138.0,58.0,360.0,1.0,Rural,Y,4521.0,Medium,1.28290201282902,Medium
188,LP001644,Male,Yes,0,Graduate,Yes,674.0,5296.0,168.0,360.0,1.0,Rural,Y,5970.0,High,2.814070351758794,High
189,LP001647,Male,Yes,0,Graduate,No,9328.0,0.0,188.0,180.0,1.0,Rural,Y,9328.0,High,2.0154373927958833,High
190,LP001653,Male,No,0,Not Graduate,No,4885.0,0.0,48.0,360.0,1.0,Rural,Y,4885.0,Medium,0.9825997952917094,Low
191,LP001656,Male,No,0,Graduate,No,12000.0,0.0,164.0,360.0,1.0,Semiurban,N,12000.0,Very high,1.3666666666666667,Medium
192,LP001657,Male,Yes,0,Not Graduate,No,6033.0,0.0,160.0,360.0,1.0,Urban,N,6033.0,High,2.652080225426819,High
193,LP001658,Male,No,0,Graduate,No,3858.0,0.0,76.0,360.0,1.0,Semiurban,Y,3858.0,Medium,1.9699326075686883,Medium
194,LP001664,Male,No,0,Graduate,No,4191.0,0.0,120.0,360.0,1.0,Rural,Y,4191.0,Medium,2.863278453829635,High
195,LP001665,Male,Yes,1,Graduate,No,3125.0,2583.0,170.0,360.0,1.0,Semiurban,N,5708.0,High,2.9782761037140855,High
196,LP001666,Male,No,0,Graduate,No,8333.0,3750.0,187.0,360.0,1.0,Rural,Y,12083.0,Very high,1.5476289001075891,Medium
197,LP001669,Female,No,0,Not Graduate,No,1907.0,2365.0,120.0,360.0,1.0,Urban,Y,4272.0,Medium,2.8089887640449436,High
198,LP001671,Female,Yes,0,Graduate,No,3416.0,2816.0,113.0,360.0,1.0,Semiurban,Y,6232.0,High,1.8132220795892169,Medium
199,LP001673,Male,No,0,Graduate,Yes,11000.0,0.0,83.0,360.0,1.0,Urban,N,11000.0,Very high,0.7545454545454545,Low
200,LP001674,Male,Yes,1,Not Graduate,No,2600.0,2500.0,90.0,360.0,1.0,Semiurban,Y,5100.0,High,1.7647058823529411,Medium
201,LP001677,Male,No,2,Graduate,No,4923.0,0.0,166.0,360.0,0.0,Semiurban,Y,4923.0,Medium,3.3719276863700993,High
202,LP001682,Male,Yes,3+,Not Graduate,No,3992.0,0.0,146.41216216216216,180.0,1.0,Urban,N,3992.0,Medium,3.667639332719493,High
203,LP001688,Male,Yes,1,Not Graduate,No,3500.0,1083.0,135.0,360.0,1.0,Urban,Y,4583.0,Medium,2.9456687759109754,High
204,LP001691,Male,Yes,2,Not Graduate,No,3917.0,0.0,124.0,360.0,1.0,Semiurban,Y,3917.0,Medium,3.165688026550932,High
205,LP001692,Female,No,0,Not Graduate,No,4408.0,0.0,120.0,360.0,1.0,Semiurban,Y,4408.0,Medium,2.722323049001815,High
206,LP001693,Female,No,0,Graduate,No,3244.0,0.0,80.0,360.0,1.0,Urban,Y,3244.0,Medium,2.466091245376079,High
207,LP001698,Male,No,0,Not Graduate,No,3975.0,2531.0,55.0,360.0,1.0,Rural,Y,6506.0,High,0.8453735013833384,Low
208,LP001699,Male,No,0,Graduate,No,2479.0,0.0,59.0,360.0,1.0,Urban,Y,2479.0,Low,2.3799919322307383,High
209,LP001702,Male,No,0,Graduate,No,3418.0,0.0,127.0,360.0,1.0,Semiurban,N,3418.0,Medium,3.71562317144529,High
210,LP001708,Female,No,0,Graduate,No,10000.0,0.0,214.0,360.0,1.0,Semiurban,N,10000.0,High,2.1399999999999997,High
211,LP001711,Male,Yes,3+,Graduate,No,3430.0,1250.0,128.0,360.0,0.0,Semiurban,N,4680.0,Medium,2.735042735042735,High
212,LP001713,Male,Yes,1,Graduate,Yes,7787.0,0.0,240.0,360.0,1.0,Urban,Y,7787.0,High,3.0820598433286244,High
213,LP001715,Male,Yes,3+,Not Graduate,Yes,5703.0,0.0,130.0,360.0,1.0,Rural,Y,5703.0,High,2.279502016482553,High
214,LP001716,Male,Yes,0,Graduate,No,3173.0,3021.0,137.0,360.0,1.0,Urban,Y,6194.0,High,2.2118178882789796,High
215,LP001720,Male,Yes,3+,Not Graduate,No,3850.0,983.0,100.0,360.0,1.0,Semiurban,Y,4833.0,Medium,2.069108214359611,High
216,LP001722,Male,Yes,0,Graduate,No,150.0,1800.0,135.0,360.0,1.0,Rural,N,1950.0,Low,6.923076923076923,Very high
217,LP001726,Male,Yes,0,Graduate,No,3727.0,1775.0,131.0,360.0,1.0,Semiurban,Y,5502.0,High,2.380952380952381,High
218,LP001732,Male,Yes,2,Graduate,No,5000.0,0.0,72.0,360.0,0.0,Semiurban,N,5000.0,Medium,1.44,Medium
219,LP001734,Female,Yes,2,Graduate,No,4283.0,2383.0,127.0,360.0,1.0,Semiurban,Y,6666.0,High,1.9051905190519052,Medium
220,LP001736,Male,Yes,0,Graduate,No,2221.0,0.0,60.0,360.0,0.0,Urban,N,2221.0,Low,2.70148581719946,High
221,LP001743,Male,Yes,2,Graduate,No,4009.0,1717.0,116.0,360.0,1.0,Semiurban,Y,5726.0,High,2.0258470136220748,High
222,LP001744,Male,No,0,Graduate,No,2971.0,2791.0,144.0,360.0,1.0,Semiurban,Y,5762.0,High,2.4991322457480045,High
223,LP001749,Male,Yes,0,Graduate,No,7578.0,1010.0,175.0,360.0,1.0,Semiurban,Y,8588.0,High,2.03772706101537,High
224,LP001750,Male,Yes,0,Graduate,No,6250.0,0.0,128.0,360.0,1.0,Semiurban,Y,6250.0,High,2.048,High
225,LP001751,Male,Yes,0,Graduate,No,3250.0,0.0,170.0,360.0,1.0,Rural,N,3250.0,Medium,5.230769230769231,Very high
226,LP001754,Male,Yes,0,Not Graduate,Yes,4735.0,0.0,138.0,360.0,1.0,Urban,N,4735.0,Medium,2.914466737064414,High
227,LP001758,Male,Yes,2,Graduate,No,6250.0,1695.0,210.0,360.0,1.0,Semiurban,Y,7945.0,High,2.643171806167401,High
228,LP001760,Male,Yes,0,Graduate,No,4758.0,0.0,158.0,480.0,1.0,Semiurban,Y,4758.0,Medium,3.32072299285414,High
229,LP001761,Male,No,0,Graduate,Yes,6400.0,0.0,200.0,360.0,1.0,Rural,Y,6400.0,High,3.125,High
230,LP001765,Male,Yes,1,Graduate,No,2491.0,2054.0,104.0,360.0,1.0,Semiurban,Y,4545.0,Medium,2.2882288228822882,High
231,LP001768,Male,Yes,0,Graduate,No,3716.0,0.0,42.0,180.0,1.0,Rural,Y,3716.0,Medium,1.1302475780409043,Medium
232,LP001770,Male,No,0,Not Graduate,No,3189.0,2598.0,120.0,360.0,1.0,Rural,Y,5787.0,High,2.0736132711249353,High
233,LP001776,Female,No,0,Graduate,No,8333.0,0.0,280.0,360.0,1.0,Semiurban,Y,8333.0,High,3.360134405376215,High
234,LP001778,Male,Yes,1,Graduate,No,3155.0,1779.0,140.0,360.0,1.0,Semiurban,Y,4934.0,Medium,2.8374543980543168,High
235,LP001784,Male,Yes,1,Graduate,No,5500.0,1260.0,170.0,360.0,1.0,Rural,Y,6760.0,High,2.514792899408284,High
236,LP001786,Male,Yes,0,Graduate,No,5746.0,0.0,255.0,360.0,1.0,Urban,N,5746.0,High,4.437869822485207,Very high
237,LP001788,Female,No,0,Graduate,Yes,3463.0,0.0,122.0,360.0,1.0,Urban,Y,3463.0,Medium,3.522956973722206,High
238,LP001790,Female,No,1,Graduate,No,3812.0,0.0,112.0,360.0,1.0,Rural,Y,3812.0,Medium,2.9380902413431267,High
239,LP001792,Male,Yes,1,Graduate,No,3315.0,0.0,96.0,360.0,1.0,Semiurban,Y,3315.0,Medium,2.8959276018099547,High
240,LP001798,Male,Yes,2,Graduate,No,5819.0,5000.0,120.0,360.0,1.0,Rural,Y,10819.0,Very high,1.109159811442832,Medium
241,LP001800,Male,Yes,1,Not Graduate,No,2510.0,1983.0,140.0,180.0,1.0,Urban,N,4493.0,Medium,3.1159581571333184,High
242,LP001806,Male,No,0,Graduate,No,2965.0,5701.0,155.0,60.0,1.0,Urban,Y,8666.0,High,1.7885991230094624,Medium
243,LP001807,Male,Yes,2,Graduate,Yes,6250.0,1300.0,108.0,360.0,1.0,Rural,Y,7550.0,High,1.4304635761589404,Medium
244,LP001811,Male,Yes,0,Not Graduate,No,3406.0,4417.0,123.0,360.0,1.0,Semiurban,Y,7823.0,High,1.572286846478333,Medium
245,LP001813,Male,No,0,Graduate,Yes,6050.0,4333.0,120.0,180.0,1.0,Urban,N,10383.0,Very high,1.1557353366079168,Medium
246,LP001814,Male,Yes,2,Graduate,No,9703.0,0.0,112.0,360.0,1.0,Urban,Y,9703.0,High,1.1542821807688344,Medium
247,LP001819,Male,Yes,1,Not Graduate,No,6608.0,0.0,137.0,180.0,1.0,Urban,Y,6608.0,High,2.0732445520581115,High
248,LP001824,Male,Yes,1,Graduate,No,2882.0,1843.0,123.0,480.0,1.0,Semiurban,Y,4725.0,Medium,2.6031746031746033,High
249,LP001825,Male,Yes,0,Graduate,No,1809.0,1868.0,90.0,360.0,1.0,Urban,Y,3677.0,Medium,2.447647538754419,High
250,LP001835,Male,Yes,0,Not Graduate,No,1668.0,3890.0,201.0,360.0,0.0,Semiurban,N,5558.0,High,3.61640878013674,High
251,LP001836,Female,No,2,Graduate,No,3427.0,0.0,138.0,360.0,1.0,Urban,N,3427.0,Medium,4.026845637583892,Very high
252,LP001841,Male,No,0,Not Graduate,Yes,2583.0,2167.0,104.0,360.0,1.0,Rural,Y,4750.0,Medium,2.189473684210526,High
253,LP001843,Male,Yes,1,Not Graduate,No,2661.0,7101.0,279.0,180.0,1.0,Semiurban,Y,9762.0,High,2.858020897357099,High
254,LP001844,Male,No,0,Graduate,Yes,16250.0,0.0,192.0,360.0,0.0,Urban,N,16250.0,Very high,1.1815384615384614,Medium
255,LP001846,Female,No,3+,Graduate,No,3083.0,0.0,255.0,360.0,1.0,Rural,Y,3083.0,Medium,8.271164450210835,Very high
256,LP001849,Male,No,0,Not Graduate,No,6045.0,0.0,115.0,360.0,0.0,Rural,N,6045.0,High,1.902398676592225,Medium
257,LP001854,Male,Yes,3+,Graduate,No,5250.0,0.0,94.0,360.0,1.0,Urban,N,5250.0,High,1.7904761904761906,Medium
258,LP001859,Male,Yes,0,Graduate,No,14683.0,2100.0,304.0,360.0,1.0,Rural,N,16783.0,Very high,1.8113567300244295,Medium
259,LP001864,Male,Yes,3+,Not Graduate,No,4931.0,0.0,128.0,360.0,1.0,Semiurban,N,4931.0,Medium,2.595822348408031,High
260,LP001865,Male,Yes,1,Graduate,No,6083.0,4250.0,330.0,360.0,1.0,Urban,Y,10333.0,Very high,3.193651408109939,High
261,LP001868,Male,No,0,Graduate,No,2060.0,2209.0,134.0,360.0,1.0,Semiurban,Y,4269.0,Medium,3.138908409463575,High
262,LP001870,Female,No,1,Graduate,No,3481.0,0.0,155.0,36.0,1.0,Semiurban,N,3481.0,Medium,4.4527434645216895,Very high
263,LP001871,Female,No,0,Graduate,No,7200.0,0.0,120.0,360.0,1.0,Rural,Y,7200.0,High,1.6666666666666667,Medium
264,LP001872,Male,No,0,Graduate,Yes,5166.0,0.0,128.0,360.0,1.0,Semiurban,Y,5166.0,High,2.4777390631049165,High
265,LP001875,Male,No,0,Graduate,No,4095.0,3447.0,151.0,360.0,1.0,Rural,Y,7542.0,High,2.0021214531954388,High
266,LP001877,Male,Yes,2,Graduate,No,4708.0,1387.0,150.0,360.0,1.0,Semiurban,Y,6095.0,High,2.461033634126333,High
267,LP001882,Male,Yes,3+,Graduate,No,4333.0,1811.0,160.0,360.0,0.0,Urban,Y,6144.0,High,2.604166666666667,High
268,LP001883,Female,No,0,Graduate,No,3418.0,0.0,135.0,360.0,1.0,Rural,N,3418.0,Medium,3.949678174370977,High
269,LP001884,Female,No,1,Graduate,No,2876.0,1560.0,90.0,360.0,1.0,Urban,Y,4436.0,Medium,2.028854824165915,High
270,LP001888,Female,No,0,Graduate,No,3237.0,0.0,30.0,360.0,1.0,Urban,Y,3237.0,Medium,0.9267840593141797,Low
271,LP001891,Male,Yes,0,Graduate,No,11146.0,0.0,136.0,360.0,1.0,Urban,Y,11146.0,Very high,1.2201686703750225,Medium
272,LP001892,Male,No,0,Graduate,No,2833.0,1857.0,126.0,360.0,1.0,Rural,Y,4690.0,Medium,2.6865671641791042,High
273,LP001894,Male,Yes,0,Graduate,No,2620.0,2223.0,150.0,360.0,1.0,Semiurban,Y,4843.0,Medium,3.097253768325418,High
274,LP001896,Male,Yes,2,Graduate,No,3900.0,0.0,90.0,360.0,1.0,Semiurban,Y,3900.0,Medium,2.307692307692308,High
275,LP001900,Male,Yes,1,Graduate,No,2750.0,1842.0,115.0,360.0,1.0,Semiurban,Y,4592.0,Medium,2.504355400696864,High
276,LP001903,Male,Yes,0,Graduate,No,3993.0,3274.0,207.0,360.0,1.0,Semiurban,Y,7267.0,High,2.848493188385854,High
277,LP001904,Male,Yes,0,Graduate,No,3103.0,1300.0,80.0,360.0,1.0,Urban,Y,4403.0,Medium,1.816942993413582,Medium
278,LP001907,Male,Yes,0,Graduate,No,14583.0,0.0,436.0,360.0,1.0,Semiurban,Y,14583.0,Very high,2.9897826236028253,High
279,LP001908,Female,Yes,0,Not Graduate,No,4100.0,0.0,124.0,360.0,1.0,Rural,Y,4100.0,Medium,3.024390243902439,High
280,LP001910,Male,No,1,Not Graduate,Yes,4053.0,2426.0,158.0,360.0,0.0,Urban,N,6479.0,High,2.438647939496836,High
281,LP001914,Male,Yes,0,Graduate,No,3927.0,800.0,112.0,360.0,1.0,Semiurban,Y,4727.0,Medium,2.36936746350751,High
282,LP001915,Male,Yes,2,Graduate,No,2301.0,985.7999878,78.0,180.0,1.0,Urban,Y,3286.7999878,Medium,2.3731288879615957,High
283,LP001917,Female,No,0,Graduate,No,1811.0,1666.0,54.0,360.0,1.0,Urban,Y,3477.0,Medium,1.553062985332183,Medium
284,LP001922,Male,Yes,0,Graduate,No,20667.0,0.0,146.41216216216216,360.0,1.0,Rural,N,20667.0,Very high,0.7084345195827269,Low
285,LP001924,Male,No,0,Graduate,No,3158.0,3053.0,89.0,360.0,1.0,Rural,Y,6211.0,High,1.432941555305104,Medium
286,LP001925,Female,No,0,Graduate,Yes,2600.0,1717.0,99.0,300.0,1.0,Semiurban,N,4317.0,Medium,2.2932592077831826,High
287,LP001926,Male,Yes,0,Graduate,No,3704.0,2000.0,120.0,360.0,1.0,Rural,Y,5704.0,High,2.1037868162692845,High
288,LP001931,Female,No,0,Graduate,No,4124.0,0.0,115.0,360.0,1.0,Semiurban,Y,4124.0,Medium,2.7885548011639187,High
289,LP001935,Male,No,0,Graduate,No,9508.0,0.0,187.0,360.0,1.0,Rural,Y,9508.0,High,1.9667648296171645,Medium
290,LP001936,Male,Yes,0,Graduate,No,3075.0,2416.0,139.0,360.0,1.0,Rural,Y,5491.0,High,2.531415042797305,High
291,LP001938,Male,Yes,2,Graduate,No,4400.0,0.0,127.0,360.0,0.0,Semiurban,N,4400.0,Medium,2.8863636363636362,High
292,LP001940,Male,Yes,2,Graduate,No,3153.0,1560.0,134.0,360.0,1.0,Urban,Y,4713.0,Medium,2.8431996605134735,High
293,LP001945,Female,No,0,Graduate,No,5417.0,0.0,143.0,480.0,0.0,Urban,N,5417.0,High,2.6398375484585563,High
294,LP001947,Male,Yes,0,Graduate,No,2383.0,3334.0,172.0,360.0,1.0,Semiurban,Y,5717.0,High,3.008570928808816,High
295,LP001949,Male,Yes,3+,Graduate,No,4416.0,1250.0,110.0,360.0,1.0,Urban,Y,5666.0,High,1.941404871161313,Medium
296,LP001953,Male,Yes,1,Graduate,No,6875.0,0.0,200.0,360.0,1.0,Semiurban,Y,6875.0,High,2.909090909090909,High
297,LP001954,Female,Yes,1,Graduate,No,4666.0,0.0,135.0,360.0,1.0,Urban,Y,4666.0,Medium,2.8932704672096015,High
298,LP001955,Female,No,0,Graduate,No,5000.0,2541.0,151.0,480.0,1.0,Rural,N,7541.0,High,2.0023869513327144,High
299,LP001963,Male,Yes,1,Graduate,No,2014.0,2925.0,113.0,360.0,1.0,Urban,N,4939.0,Medium,2.2879125329013967,High
300,LP001964,Male,Yes,0,Not Graduate,No,1800.0,2934.0,93.0,360.0,0.0,Urban,N,4734.0,Medium,1.964512040557668,Medium
301,LP001972,Male,Yes,0,Not Graduate,No,2875.0,1750.0,105.0,360.0,1.0,Semiurban,Y,4625.0,Medium,2.27027027027027,High
302,LP001974,Female,No,0,Graduate,No,5000.0,0.0,132.0,360.0,1.0,Rural,Y,5000.0,Medium,2.64,High
303,LP001977,Male,Yes,1,Graduate,No,1625.0,1803.0,96.0,360.0,1.0,Urban,Y,3428.0,Medium,2.8004667444574096,High
304,LP001978,Male,No,0,Graduate,No,4000.0,2500.0,140.0,360.0,1.0,Rural,Y,6500.0,High,2.1538461538461537,High
305,LP001990,Male,No,0,Not Graduate,No,2000.0,0.0,146.41216216216216,360.0,1.0,Urban,N,2000.0,Low,7.320608108108108,Very high
306,LP001993,Female,No,0,Graduate,No,3762.0,1666.0,135.0,360.0,1.0,Rural,Y,5428.0,High,2.4871039056742816,High
307,LP001994,Female,No,0,Graduate,No,2400.0,1863.0,104.0,360.0,0.0,Urban,N,4263.0,Medium,2.439596528266479,High
308,LP001996,Male,No,0,Graduate,No,20233.0,0.0,480.0,360.0,1.0,Rural,N,20233.0,Very high,2.372361982899224,High
309,LP001998,Male,Yes,2,Not Graduate,No,7667.0,0.0,185.0,360.0,1.0,Rural,Y,7667.0,High,2.4129385678883524,High
310,LP002002,Female,No,0,Graduate,No,2917.0,0.0,84.0,360.0,1.0,Semiurban,Y,2917.0,Medium,2.8796708947548852,High
311,LP002004,Male,No,0,Not Graduate,No,2927.0,2405.0,111.0,360.0,1.0,Semiurban,Y,5332.0,High,2.0817704426106527,High
312,LP002006,Female,No,0,Graduate,No,2507.0,0.0,56.0,360.0,1.0,Rural,Y,2507.0,Medium,2.2337455125648185,High
313,LP002008,Male,Yes,2,Graduate,Yes,5746.0,0.0,144.0,84.0,1.0,Rural,Y,5746.0,High,2.506091193873999,High
314,LP002024,Male,Yes,0,Graduate,No,2473.0,1843.0,159.0,360.0,1.0,Rural,N,4316.0,Medium,3.6839666357738645,High
315,LP002031,Male,Yes,1,Not Graduate,No,3399.0,1640.0,111.0,180.0,1.0,Urban,Y,5039.0,High,2.202818019448303,High
316,LP002035,Male,Yes,2,Graduate,No,3717.0,0.0,120.0,360.0,1.0,Semiurban,Y,3717.0,Medium,3.2284100080710245,High
317,LP002036,Male,Yes,0,Graduate,No,2058.0,2134.0,88.0,360.0,1.0,Urban,Y,4192.0,Medium,2.099236641221374,High
318,LP002043,Female,No,1,Graduate,No,3541.0,0.0,112.0,360.0,1.0,Semiurban,Y,3541.0,Medium,3.1629483196837054,High
319,LP002050,Male,Yes,1,Graduate,Yes,10000.0,0.0,155.0,360.0,1.0,Rural,N,10000.0,High,1.55,Medium
320,LP002051,Male,Yes,0,Graduate,No,2400.0,2167.0,115.0,360.0,1.0,Semiurban,Y,4567.0,Medium,2.5180643748631484,High
321,LP002053,Male,Yes,3+,Graduate,No,4342.0,189.0,124.0,360.0,1.0,Semiurban,Y,4531.0,Medium,2.7367027146325316,High
322,LP002054,Male,Yes,2,Not Graduate,No,3601.0,1590.0,146.41216216216216,360.0,1.0,Rural,Y,5191.0,High,2.8205001379726866,High
323,LP002055,Female,No,0,Graduate,No,3166.0,2985.0,132.0,360.0,1.0,Rural,Y,6151.0,High,2.1459925215412126,High
324,LP002065,Male,Yes,3+,Graduate,No,15000.0,0.0,300.0,360.0,1.0,Rural,Y,15000.0,Very high,2.0,Medium
325,LP002067,Male,Yes,1,Graduate,Yes,8666.0,4983.0,376.0,360.0,0.0,Rural,N,13649.0,Very high,2.7547805700051287,High
326,LP002068,Male,No,0,Graduate,No,4917.0,0.0,130.0,360.0,0.0,Rural,Y,4917.0,Medium,2.643888549928818,High
327,LP002082,Male,Yes,0,Graduate,Yes,5818.0,2160.0,184.0,360.0,1.0,Semiurban,Y,7978.0,High,2.306342441714716,High
328,LP002086,Female,Yes,0,Graduate,No,4333.0,2451.0,110.0,360.0,1.0,Urban,N,6784.0,High,1.6214622641509433,Medium
329,LP002087,Female,No,0,Graduate,No,2500.0,0.0,67.0,360.0,1.0,Urban,Y,2500.0,Low,2.68,High
330,LP002097,Male,No,1,Graduate,No,4384.0,1793.0,117.0,360.0,1.0,Urban,Y,6177.0,High,1.8941233608547838,Medium
331,LP002098,Male,No,0,Graduate,No,2935.0,0.0,98.0,360.0,1.0,Semiurban,Y,2935.0,Medium,3.339011925042589,High
332,LP002100,Male,No,0,Graduate,No,2833.0,0.0,71.0,360.0,1.0,Urban,Y,2833.0,Medium,2.5061771973173315,High
333,LP002101,Male,Yes,0,Graduate,No,63337.0,0.0,490.0,180.0,1.0,Urban,Y,63337.0,Very high,0.7736394208756335,Low
334,LP002103,Male,Yes,1,Graduate,Yes,9833.0,1833.0,182.0,180.0,1.0,Urban,Y,11666.0,Very high,1.5600891479513115,Medium
335,LP002106,Male,Yes,0,Graduate,Yes,5503.0,4490.0,70.0,360.0,1.0,Semiurban,Y,9993.0,High,0.7004903432402682,Low
336,LP002110,Male,Yes,1,Graduate,No,5250.0,688.0,160.0,360.0,1.0,Rural,Y,5938.0,High,2.694509936005389,High
337,LP002112,Male,Yes,2,Graduate,Yes,2500.0,4600.0,176.0,360.0,1.0,Rural,Y,7100.0,High,2.4788732394366195,High
338,LP002113,Female,No,3+,Not Graduate,No,1830.0,0.0,146.41216216216216,360.0,0.0,Urban,N,1830.0,Low,8.000664599025255,Very high
339,LP002114,Female,No,0,Graduate,No,4160.0,0.0,71.0,360.0,1.0,Semiurban,Y,4160.0,Medium,1.7067307692307692,Medium
340,LP002115,Male,Yes,3+,Not Graduate,No,2647.0,1587.0,173.0,360.0,1.0,Rural,N,4234.0,Medium,4.0859707132735,Very high
341,LP002116,Female,No,0,Graduate,No,2378.0,0.0,46.0,360.0,1.0,Rural,N,2378.0,Low,1.9343986543313711,Medium
342,LP002119,Male,Yes,1,Not Graduate,No,4554.0,1229.0,158.0,360.0,1.0,Urban,Y,5783.0,High,2.73214594501124,High
343,LP002126,Male,Yes,3+,Not Graduate,No,3173.0,0.0,74.0,360.0,1.0,Semiurban,Y,3173.0,Medium,2.3321777497636305,High
344,LP002128,Male,Yes,2,Graduate,No,2583.0,2330.0,125.0,360.0,1.0,Rural,Y,4913.0,Medium,2.54427030327702,High
345,LP002129,Male,Yes,0,Graduate,No,2499.0,2458.0,160.0,360.0,1.0,Semiurban,Y,4957.0,Medium,3.2277587250353035,High
346,LP002130,Male,Yes,0,Not Graduate,No,3523.0,3230.0,152.0,360.0,0.0,Rural,N,6753.0,High,2.250851473419221,High
347,LP002131,Male,Yes,2,Not Graduate,No,3083.0,2168.0,126.0,360.0,1.0,Urban,Y,5251.0,High,2.3995429442011043,High
348,LP002137,Male,Yes,0,Graduate,No,6333.0,4583.0,259.0,360.0,1.0,Semiurban,Y,10916.0,Very high,2.372663979479663,High
349,LP002138,Male,Yes,0,Graduate,No,2625.0,6250.0,187.0,360.0,1.0,Rural,Y,8875.0,High,2.1070422535211266,High
350,LP002139,Male,Yes,0,Graduate,No,9083.0,0.0,228.0,360.0,1.0,Semiurban,Y,9083.0,High,2.5101838599581634,High
351,LP002140,Male,No,0,Graduate,No,8750.0,4167.0,308.0,360.0,1.0,Rural,N,12917.0,Very high,2.3844545947201365,High
352,LP002141,Male,Yes,3+,Graduate,No,2666.0,2083.0,95.0,360.0,1.0,Rural,Y,4749.0,Medium,2.000421141292904,High
353,LP002142,Female,Yes,0,Graduate,Yes,5500.0,0.0,105.0,360.0,0.0,Rural,N,5500.0,High,1.9090909090909092,Medium
354,LP002143,Female,Yes,0,Graduate,No,2423.0,505.0,130.0,360.0,1.0,Semiurban,Y,2928.0,Medium,4.439890710382514,Very high
355,LP002144,Female,No,0,Graduate,No,3813.0,0.0,116.0,180.0,1.0,Urban,Y,3813.0,Medium,3.042223970626803,High
356,LP002149,Male,Yes,2,Graduate,No,8333.0,3167.0,165.0,360.0,1.0,Rural,Y,11500.0,Very high,1.434782608695652,Medium
357,LP002151,Male,Yes,1,Graduate,No,3875.0,0.0,67.0,360.0,1.0,Urban,N,3875.0,Medium,1.729032258064516,Medium
358,LP002158,Male,Yes,0,Not Graduate,No,3000.0,1666.0,100.0,480.0,0.0,Urban,N,4666.0,Medium,2.1431633090441493,High
359,LP002160,Male,Yes,3+,Graduate,No,5167.0,3167.0,200.0,360.0,1.0,Semiurban,Y,8334.0,High,2.3998080153587713,High
360,LP002161,Female,No,1,Graduate,No,4723.0,0.0,81.0,360.0,1.0,Semiurban,N,4723.0,Medium,1.7150116451408004,Medium
361,LP002170,Male,Yes,2,Graduate,No,5000.0,3667.0,236.0,360.0,1.0,Semiurban,Y,8667.0,High,2.7229721933771778,High
362,LP002175,Male,Yes,0,Graduate,No,4750.0,2333.0,130.0,360.0,1.0,Urban,Y,7083.0,High,1.835380488493576,Medium
363,LP002178,Male,Yes,0,Graduate,No,3013.0,3033.0,95.0,300.0,1.0,Urban,Y,6046.0,High,1.57128680119087,Medium
364,LP002180,Male,No,0,Graduate,Yes,6822.0,0.0,141.0,360.0,1.0,Rural,Y,6822.0,High,2.0668425681618294,High
365,LP002181,Male,No,0,Not Graduate,No,6216.0,0.0,133.0,360.0,1.0,Rural,N,6216.0,High,2.1396396396396398,High
366,LP002187,Male,No,0,Graduate,No,2500.0,0.0,96.0,480.0,1.0,Semiurban,N,2500.0,Low,3.84,High
367,LP002188,Male,No,0,Graduate,No,5124.0,0.0,124.0,360.0,0.0,Rural,N,5124.0,High,2.419984387197502,High
368,LP002190,Male,Yes,1,Graduate,No,6325.0,0.0,175.0,360.0,1.0,Semiurban,Y,6325.0,High,2.766798418972332,High
369,LP002191,Male,Yes,0,Graduate,No,19730.0,5266.0,570.0,360.0,1.0,Rural,N,24996.0,Very high,2.2803648583773404,High
370,LP002194,Female,No,0,Graduate,Yes,15759.0,0.0,55.0,360.0,1.0,Semiurban,Y,15759.0,Very high,0.34900691668253064,Low
371,LP002197,Male,Yes,2,Graduate,No,5185.0,0.0,155.0,360.0,1.0,Semiurban,Y,5185.0,High,2.9893924783027965,High
372,LP002201,Male,Yes,2,Graduate,Yes,9323.0,7873.0,380.0,300.0,1.0,Rural,Y,17196.0,Very high,2.209816236334031,High
373,LP002205,Male,No,1,Graduate,No,3062.0,1987.0,111.0,180.0,0.0,Urban,N,5049.0,High,2.1984551396316103,High
374,LP002209,Female,No,0,Graduate,No,2764.0,1459.0,110.0,360.0,1.0,Urban,Y,4223.0,Medium,2.604783329386692,High
375,LP002211,Male,Yes,0,Graduate,No,4817.0,923.0,120.0,180.0,1.0,Urban,Y,5740.0,High,2.0905923344947737,High
376,LP002219,Male,Yes,3+,Graduate,No,8750.0,4996.0,130.0,360.0,1.0,Rural,Y,13746.0,Very high,0.9457296668121635,Low
377,LP002223,Male,Yes,0,Graduate,No,4310.0,0.0,130.0,360.0,1.0,Semiurban,Y,4310.0,Medium,3.0162412993039442,High
378,LP002224,Male,No,0,Graduate,No,3069.0,0.0,71.0,480.0,1.0,Urban,N,3069.0,Medium,2.3134571521668295,High
379,LP002225,Male,Yes,2,Graduate,No,5391.0,0.0,130.0,360.0,1.0,Urban,Y,5391.0,High,2.4114264514932295,High
380,LP002226,Male,Yes,0,Graduate,No,3333.0,2500.0,128.0,360.0,1.0,Semiurban,Y,5833.0,High,2.1944111092062406,High
381,LP002229,Male,No,0,Graduate,No,5941.0,4232.0,296.0,360.0,1.0,Semiurban,Y,10173.0,Very high,2.909662832989285,High
382,LP002231,Female,No,0,Graduate,No,6000.0,0.0,156.0,360.0,1.0,Urban,Y,6000.0,High,2.6,High
383,LP002234,Male,No,0,Graduate,Yes,7167.0,0.0,128.0,360.0,1.0,Urban,Y,7167.0,High,1.7859634435607648,Medium
384,LP002236,Male,Yes,2,Graduate,No,4566.0,0.0,100.0,360.0,1.0,Urban,N,4566.0,Medium,2.190100744634253,High
385,LP002237,Male,No,1,Graduate,No,3667.0,0.0,113.0,180.0,1.0,Urban,Y,3667.0,Medium,3.081538041996182,High
386,LP002239,Male,No,0,Not Graduate,No,2346.0,1600.0,132.0,360.0,1.0,Semiurban,Y,3946.0,Medium,3.3451596553471874,High
387,LP002243,Male,Yes,0,Not Graduate,No,3010.0,3136.0,146.41216216216216,360.0,0.0,Urban,N,6146.0,High,2.382234984740679,High
388,LP002244,Male,Yes,0,Graduate,No,2333.0,2417.0,136.0,360.0,1.0,Urban,Y,4750.0,Medium,2.863157894736842,High
389,LP002250,Male,Yes,0,Graduate,No,5488.0,0.0,125.0,360.0,1.0,Rural,Y,5488.0,High,2.2776967930029155,High
390,LP002255,Male,No,3+,Graduate,No,9167.0,0.0,185.0,360.0,1.0,Rural,Y,9167.0,High,2.018108432420639,High
391,LP002262,Male,Yes,3+,Graduate,No,9504.0,0.0,275.0,360.0,1.0,Rural,Y,9504.0,High,2.8935185185185186,High
392,LP002263,Male,Yes,0,Graduate,No,2583.0,2115.0,120.0,360.0,1.0,Urban,Y,4698.0,Medium,2.554278416347382,High
393,LP002265,Male,Yes,2,Not Graduate,No,1993.0,1625.0,113.0,180.0,1.0,Semiurban,Y,3618.0,Medium,3.123272526257601,High
394,LP002266,Male,Yes,2,Graduate,No,3100.0,1400.0,113.0,360.0,1.0,Urban,Y,4500.0,Medium,2.511111111111111,High
395,LP002272,Male,Yes,2,Graduate,No,3276.0,484.0,135.0,360.0,1.0,Semiurban,Y,3760.0,Medium,3.590425531914894,High
396,LP002277,Female,No,0,Graduate,No,3180.0,0.0,71.0,360.0,0.0,Urban,N,3180.0,Medium,2.232704402515723,High
397,LP002281,Male,Yes,0,Graduate,No,3033.0,1459.0,95.0,360.0,1.0,Urban,Y,4492.0,Medium,2.1148708815672306,High
398,LP002284,Male,No,0,Not Graduate,No,3902.0,1666.0,109.0,360.0,1.0,Rural,Y,5568.0,High,1.9576149425287355,Medium
399,LP002287,Female,No,0,Graduate,No,1500.0,1800.0,103.0,360.0,0.0,Semiurban,N,3300.0,Medium,3.121212121212121,High
400,LP002288,Male,Yes,2,Not Graduate,No,2889.0,0.0,45.0,180.0,0.0,Urban,N,2889.0,Medium,1.557632398753894,Medium
401,LP002296,Male,No,0,Not Graduate,No,2755.0,0.0,65.0,300.0,1.0,Rural,N,2755.0,Medium,2.35934664246824,High
402,LP002297,Male,No,0,Graduate,No,2500.0,20000.0,103.0,360.0,1.0,Semiurban,Y,22500.0,Very high,0.4577777777777778,Low
403,LP002300,Female,No,0,Not Graduate,No,1963.0,0.0,53.0,360.0,1.0,Semiurban,Y,1963.0,Low,2.6999490575649516,High
404,LP002301,Female,No,0,Graduate,Yes,7441.0,0.0,194.0,360.0,1.0,Rural,N,7441.0,High,2.6071764547775835,High
405,LP002305,Female,No,0,Graduate,No,4547.0,0.0,115.0,360.0,1.0,Semiurban,Y,4547.0,Medium,2.5291400923685945,High
406,LP002308,Male,Yes,0,Not Graduate,No,2167.0,2400.0,115.0,360.0,1.0,Urban,Y,4567.0,Medium,2.5180643748631484,High
407,LP002314,Female,No,0,Not Graduate,No,2213.0,0.0,66.0,360.0,1.0,Rural,Y,2213.0,Low,2.98237686398554,High
408,LP002315,Male,Yes,1,Graduate,No,8300.0,0.0,152.0,300.0,0.0,Semiurban,N,8300.0,High,1.8313253012048194,Medium
409,LP002317,Male,Yes,3+,Graduate,No,81000.0,0.0,360.0,360.0,0.0,Rural,N,81000.0,Very high,0.4444444444444444,Low
410,LP002318,Female,No,1,Not Graduate,Yes,3867.0,0.0,62.0,360.0,1.0,Semiurban,N,3867.0,Medium,1.6033100594776313,Medium
411,LP002319,Male,Yes,0,Graduate,No,6256.0,0.0,160.0,360.0,1.0,Urban,Y,6256.0,High,2.557544757033248,High
412,LP002328,Male,Yes,0,Not Graduate,No,6096.0,0.0,218.0,360.0,0.0,Rural,N,6096.0,High,3.5761154855643045,High
413,LP002332,Male,Yes,0,Not Graduate,No,2253.0,2033.0,110.0,360.0,1.0,Rural,Y,4286.0,Medium,2.5664955669622023,High
414,LP002335,Female,Yes,0,Not Graduate,No,2149.0,3237.0,178.0,360.0,0.0,Semiurban,N,5386.0,High,3.304864463423691,High
415,LP002337,Female,No,0,Graduate,No,2995.0,0.0,60.0,360.0,1.0,Urban,Y,2995.0,Medium,2.003338898163606,High
416,LP002341,Female,No,1,Graduate,No,2600.0,0.0,160.0,360.0,1.0,Urban,N,2600.0,Medium,6.153846153846154,Very high
417,LP002342,Male,Yes,2,Graduate,Yes,1600.0,20000.0,239.0,360.0,1.0,Urban,N,21600.0,Very high,1.1064814814814816,Medium
418,LP002345,Male,Yes,0,Graduate,No,1025.0,2773.0,112.0,360.0,1.0,Rural,Y,3798.0,Medium,2.948920484465508,High
419,LP002347,Male,Yes,0,Graduate,No,3246.0,1417.0,138.0,360.0,1.0,Semiurban,Y,4663.0,Medium,2.959468153549217,High
420,LP002348,Male,Yes,0,Graduate,No,5829.0,0.0,138.0,360.0,1.0,Rural,Y,5829.0,High,2.3674729799279466,High
421,LP002357,Female,No,0,Not Graduate,No,2720.0,0.0,80.0,360.0,0.0,Urban,N,2720.0,Medium,2.941176470588235,High
422,LP002361,Male,Yes,0,Graduate,No,1820.0,1719.0,100.0,360.0,1.0,Urban,Y,3539.0,Medium,2.8256569652444194,High
423,LP002362,Male,Yes,1,Graduate,No,7250.0,1667.0,110.0,360.0,0.0,Urban,N,8917.0,High,1.233598743972188,Medium
424,LP002364,Male,Yes,0,Graduate,No,14880.0,0.0,96.0,360.0,1.0,Semiurban,Y,14880.0,Very high,0.6451612903225806,Low
425,LP002366,Male,Yes,0,Graduate,No,2666.0,4300.0,121.0,360.0,1.0,Rural,Y,6966.0,High,1.7370083261556128,Medium
426,LP002367,Female,No,1,Not Graduate,No,4606.0,0.0,81.0,360.0,1.0,Rural,N,4606.0,Medium,1.7585757707338254,Medium
427,LP002368,Male,Yes,2,Graduate,No,5935.0,0.0,133.0,360.0,1.0,Semiurban,Y,5935.0,High,2.2409435551811288,High
428,LP002369,Male,Yes,0,Graduate,No,2920.0,16.12000084,87.0,360.0,1.0,Rural,Y,2936.12000084,Medium,2.963094150617482,High
429,LP002370,Male,No,0,Not Graduate,No,2717.0,0.0,60.0,180.0,1.0,Urban,Y,2717.0,Medium,2.208317997791682,High
430,LP002377,Female,No,1,Graduate,Yes,8624.0,0.0,150.0,360.0,1.0,Semiurban,Y,8624.0,High,1.7393320964749537,Medium
431,LP002379,Male,No,0,Graduate,No,6500.0,0.0,105.0,360.0,0.0,Rural,N,6500.0,High,1.6153846153846154,Medium
432,LP002386,Male,No,0,Graduate,No,12876.0,0.0,405.0,360.0,1.0,Semiurban,Y,12876.0,Very high,3.145386766076421,High
433,LP002387,Male,Yes,0,Graduate,No,2425.0,2340.0,143.0,360.0,1.0,Semiurban,Y,4765.0,Medium,3.0010493179433366,High
434,LP002390,Male,No,0,Graduate,No,3750.0,0.0,100.0,360.0,1.0,Urban,Y,3750.0,Medium,2.666666666666667,High
435,LP002393,Female,Yes,0,Graduate,No,10047.0,0.0,146.41216216216216,240.0,1.0,Semiurban,Y,10047.0,Very high,1.457272441148225,Medium
436,LP002398,Male,No,0,Graduate,No,1926.0,1851.0,50.0,360.0,1.0,Semiurban,Y,3777.0,Medium,1.3238019592268997,Medium
437,LP002401,Male,Yes,0,Graduate,No,2213.0,1125.0,146.41216216216216,360.0,1.0,Urban,Y,3338.0,Medium,4.386224151053391,Very high
438,LP002403,Male,No,0,Graduate,Yes,10416.0,0.0,187.0,360.0,0.0,Urban,N,10416.0,Very high,1.79531490015361,Medium
439,LP002407,Female,Yes,0,Not Graduate,Yes,7142.0,0.0,138.0,360.0,1.0,Rural,Y,7142.0,High,1.9322318678241388,Medium
440,LP002408,Male,No,0,Graduate,No,3660.0,5064.0,187.0,360.0,1.0,Semiurban,Y,8724.0,High,2.1435121503897294,High
441,LP002409,Male,Yes,0,Graduate,No,7901.0,1833.0,180.0,360.0,1.0,Rural,Y,9734.0,High,1.8491884117526198,Medium
442,LP002418,Male,No,3+,Not Graduate,No,4707.0,1993.0,148.0,360.0,1.0,Semiurban,Y,6700.0,High,2.208955223880597,High
443,LP002422,Male,No,1,Graduate,No,37719.0,0.0,152.0,360.0,1.0,Semiurban,Y,37719.0,Very high,0.4029799305389856,Low
444,LP002424,Male,Yes,0,Graduate,No,7333.0,8333.0,175.0,300.0,1.0,Rural,Y,15666.0,Very high,1.1170688114387846,Medium
445,LP002429,Male,Yes,1,Graduate,Yes,3466.0,1210.0,130.0,360.0,1.0,Rural,Y,4676.0,Medium,2.780153977758768,High
446,LP002434,Male,Yes,2,Not Graduate,No,4652.0,0.0,110.0,360.0,1.0,Rural,Y,4652.0,Medium,2.3645743766122096,High
447,LP002435,Male,Yes,0,Graduate,No,3539.0,1376.0,55.0,360.0,1.0,Rural,N,4915.0,Medium,1.119023397761953,Medium
448,LP002443,Male,Yes,2,Graduate,No,3340.0,1710.0,150.0,360.0,0.0,Rural,N,5050.0,High,2.9702970297029703,High
449,LP002444,Male,No,1,Not Graduate,Yes,2769.0,1542.0,190.0,360.0,1.0,Semiurban,N,4311.0,Medium,4.407330085826954,Very high
450,LP002446,Male,Yes,2,Not Graduate,No,2309.0,1255.0,125.0,360.0,0.0,Rural,N,3564.0,Medium,3.5072951739618405,High
451,LP002447,Male,Yes,2,Not Graduate,No,1958.0,1456.0,60.0,300.0,1.0,Urban,Y,3414.0,Medium,1.7574692442882252,Medium
452,LP002448,Male,Yes,0,Graduate,No,3948.0,1733.0,149.0,360.0,0.0,Rural,N,5681.0,High,2.622777679985918,High
453,LP002449,Male,Yes,0,Graduate,No,2483.0,2466.0,90.0,180.0,0.0,Rural,Y,4949.0,Medium,1.8185492018589613,Medium
454,LP002453,Male,No,0,Graduate,Yes,7085.0,0.0,84.0,360.0,1.0,Semiurban,Y,7085.0,High,1.18560338743825,Medium
455,LP002455,Male,Yes,2,Graduate,No,3859.0,0.0,96.0,360.0,1.0,Semiurban,Y,3859.0,Medium,2.4876911116869653,High
456,LP002459,Male,Yes,0,Graduate,No,4301.0,0.0,118.0,360.0,1.0,Urban,Y,4301.0,Medium,2.7435480120902116,High
457,LP002467,Male,Yes,0,Graduate,No,3708.0,2569.0,173.0,360.0,1.0,Urban,N,6277.0,High,2.756093675322606,High
458,LP002472,Male,No,2,Graduate,No,4354.0,0.0,136.0,360.0,1.0,Rural,Y,4354.0,Medium,3.123564538355535,High
459,LP002473,Male,Yes,0,Graduate,No,8334.0,0.0,160.0,360.0,1.0,Semiurban,N,8334.0,High,1.9198464122870171,Medium
460,LP002478,Male,Yes,0,Graduate,Yes,2083.0,4083.0,160.0,360.0,1.0,Semiurban,Y,6166.0,High,2.594875121634771,High
461,LP002484,Male,Yes,3+,Graduate,No,7740.0,0.0,128.0,180.0,1.0,Urban,Y,7740.0,High,1.6537467700258397,Medium
462,LP002487,Male,Yes,0,Graduate,No,3015.0,2188.0,153.0,360.0,1.0,Rural,Y,5203.0,High,2.9406111858543147,High
463,LP002489,Female,No,1,Not Graduate,No,5191.0,0.0,132.0,360.0,1.0,Semiurban,Y,5191.0,High,2.542862646888846,High
464,LP002493,Male,No,0,Graduate,No,4166.0,0.0,98.0,360.0,0.0,Semiurban,N,4166.0,Medium,2.3523763802208353,High
465,LP002494,Male,No,0,Graduate,No,6000.0,0.0,140.0,360.0,1.0,Rural,Y,6000.0,High,2.3333333333333335,High
466,LP002500,Male,Yes,3+,Not Graduate,No,2947.0,1664.0,70.0,180.0,0.0,Urban,N,4611.0,Medium,1.5181088700932552,Medium
467,LP002501,Male,Yes,0,Graduate,No,16692.0,0.0,110.0,360.0,1.0,Semiurban,Y,16692.0,Very high,0.6589983225497243,Low
468,LP002502,Female,Yes,2,Not Graduate,No,210.0,2917.0,98.0,360.0,1.0,Semiurban,Y,3127.0,Medium,3.1339942436840422,High
469,LP002505,Male,Yes,0,Graduate,No,4333.0,2451.0,110.0,360.0,1.0,Urban,N,6784.0,High,1.6214622641509433,Medium
470,LP002515,Male,Yes,1,Graduate,Yes,3450.0,2079.0,162.0,360.0,1.0,Semiurban,Y,5529.0,High,2.930005425935974,High
471,LP002517,Male,Yes,1,Not Graduate,No,2653.0,1500.0,113.0,180.0,0.0,Rural,N,4153.0,Medium,2.7209246327955694,High
472,LP002519,Male,Yes,3+,Graduate,No,4691.0,0.0,100.0,360.0,1.0,Semiurban,Y,4691.0,Medium,2.131741632914091,High
473,LP002522,Female,No,0,Graduate,Yes,2500.0,0.0,93.0,360.0,1.0,Urban,Y,2500.0,Low,3.7199999999999998,High
474,LP002524,Male,No,2,Graduate,No,5532.0,4648.0,162.0,360.0,1.0,Rural,Y,10180.0,Very high,1.5913555992141455,Medium
475,LP002527,Male,Yes,2,Graduate,Yes,16525.0,1014.0,150.0,360.0,1.0,Rural,Y,17539.0,Very high,0.8552369006214722,Low
476,LP002529,Male,Yes,2,Graduate,No,6700.0,1750.0,230.0,300.0,1.0,Semiurban,Y,8450.0,High,2.72189349112426,High
477,LP002530,Male,Yes,2,Graduate,No,2873.0,1872.0,132.0,360.0,0.0,Semiurban,N,4745.0,Medium,2.781875658587987,High
478,LP002531,Male,Yes,1,Graduate,Yes,16667.0,2250.0,86.0,360.0,1.0,Semiurban,Y,18917.0,Very high,0.4546175397790347,Low
479,LP002533,Male,Yes,2,Graduate,No,2947.0,1603.0,146.41216216216216,360.0,1.0,Urban,N,4550.0,Medium,3.2178497178497176,High
480,LP002534,Female,No,0,Not Graduate,No,4350.0,0.0,154.0,360.0,1.0,Rural,Y,4350.0,Medium,3.5402298850574714,High
481,LP002536,Male,Yes,3+,Not Graduate,No,3095.0,0.0,113.0,360.0,1.0,Rural,Y,3095.0,Medium,3.6510500807754442,High
482,LP002537,Male,Yes,0,Graduate,No,2083.0,3150.0,128.0,360.0,1.0,Semiurban,Y,5233.0,High,2.4460156697878843,High
483,LP002541,Male,Yes,0,Graduate,No,10833.0,0.0,234.0,360.0,1.0,Semiurban,Y,10833.0,Very high,2.1600664635834947,High
484,LP002543,Male,Yes,2,Graduate,No,8333.0,0.0,246.0,360.0,1.0,Semiurban,Y,8333.0,High,2.9521180847233888,High
485,LP002544,Male,Yes,1,Not Graduate,No,1958.0,2436.0,131.0,360.0,1.0,Rural,Y,4394.0,Medium,2.98133818843878,High
486,LP002545,Male,No,2,Graduate,No,3547.0,0.0,80.0,360.0,0.0,Rural,N,3547.0,Medium,2.255427121511136,High
487,LP002547,Male,Yes,1,Graduate,No,18333.0,0.0,500.0,360.0,1.0,Urban,N,18333.0,Very high,2.7273223149511807,High
488,LP002555,Male,Yes,2,Graduate,Yes,4583.0,2083.0,160.0,360.0,1.0,Semiurban,Y,6666.0,High,2.4002400240024,High
489,LP002556,Male,No,0,Graduate,No,2435.0,0.0,75.0,360.0,1.0,Urban,N,2435.0,Low,3.0800821355236137,High
490,LP002560,Male,No,0,Not Graduate,No,2699.0,2785.0,96.0,360.0,1.0,Semiurban,Y,5484.0,High,1.75054704595186,Medium
491,LP002562,Male,Yes,1,Not Graduate,No,5333.0,1131.0,186.0,360.0,1.0,Urban,Y,6464.0,High,2.8774752475247527,High
492,LP002571,Male,No,0,Not Graduate,No,3691.0,0.0,110.0,360.0,1.0,Rural,Y,3691.0,Medium,2.9802221620157137,High
493,LP002582,Female,No,0,Not Graduate,Yes,17263.0,0.0,225.0,360.0,1.0,Semiurban,Y,17263.0,Very high,1.3033655795632277,Medium
494,LP002585,Male,Yes,0,Graduate,No,3597.0,2157.0,119.0,360.0,0.0,Rural,N,5754.0,High,2.068126520681265,High
495,LP002586,Female,Yes,1,Graduate,No,3326.0,913.0,105.0,84.0,1.0,Semiurban,Y,4239.0,Medium,2.4769992922859165,High
496,LP002587,Male,Yes,0,Not Graduate,No,2600.0,1700.0,107.0,360.0,1.0,Rural,Y,4300.0,Medium,2.488372093023256,High
497,LP002588,Male,Yes,0,Graduate,No,4625.0,2857.0,111.0,12.0,1.0,Urban,Y,7482.0,High,1.483560545308741,Medium
498,LP002600,Male,Yes,1,Graduate,Yes,2895.0,0.0,95.0,360.0,1.0,Semiurban,Y,2895.0,Medium,3.281519861830743,High
499,LP002602,Male,No,0,Graduate,No,6283.0,4416.0,209.0,360.0,0.0,Rural,N,10699.0,Very high,1.9534535937938124,Medium
500,LP002603,Female,No,0,Graduate,No,645.0,3683.0,113.0,480.0,1.0,Rural,Y,4328.0,Medium,2.61090573012939,High
501,LP002606,Female,No,0,Graduate,No,3159.0,0.0,100.0,360.0,1.0,Semiurban,Y,3159.0,Medium,3.165558721114277,High
502,LP002615,Male,Yes,2,Graduate,No,4865.0,5624.0,208.0,360.0,1.0,Semiurban,Y,10489.0,Very high,1.9830298407855849,Medium
503,LP002618,Male,Yes,1,Not Graduate,No,4050.0,5302.0,138.0,360.0,1.0,Rural,N,9352.0,High,1.4756201881950384,Medium
504,LP002619,Male,Yes,0,Not Graduate,No,3814.0,1483.0,124.0,300.0,1.0,Semiurban,Y,5297.0,High,2.34094770624882,High
505,LP002622,Male,Yes,2,Graduate,No,3510.0,4416.0,243.0,360.0,1.0,Rural,Y,7926.0,High,3.0658591975775926,High
506,LP002624,Male,Yes,0,Graduate,No,20833.0,6667.0,480.0,360.0,1.0,Urban,Y,27500.0,Very high,1.7454545454545456,Medium
507,LP002625,Male,No,0,Graduate,No,3583.0,0.0,96.0,360.0,1.0,Urban,N,3583.0,Medium,2.6793190064192016,High
508,LP002626,Male,Yes,0,Graduate,Yes,2479.0,3013.0,188.0,360.0,1.0,Urban,Y,5492.0,High,3.423160961398398,High
509,LP002634,Female,No,1,Graduate,No,13262.0,0.0,40.0,360.0,1.0,Urban,Y,13262.0,Very high,0.3016136329362087,Low
510,LP002637,Male,No,0,Not Graduate,No,3598.0,1287.0,100.0,360.0,1.0,Rural,N,4885.0,Medium,2.047082906857728,High
511,LP002640,Male,Yes,1,Graduate,No,6065.0,2004.0,250.0,360.0,1.0,Semiurban,Y,8069.0,High,3.098277357789069,High
512,LP002643,Male,Yes,2,Graduate,No,3283.0,2035.0,148.0,360.0,1.0,Urban,Y,5318.0,High,2.7830011282437006,High
513,LP002648,Male,Yes,0,Graduate,No,2130.0,6666.0,70.0,180.0,1.0,Semiurban,N,8796.0,High,0.7958162801273306,Low
514,LP002652,Male,No,0,Graduate,No,5815.0,3666.0,311.0,360.0,1.0,Rural,N,9481.0,High,3.280244699926168,High
515,LP002659,Male,Yes,3+,Graduate,No,3466.0,3428.0,150.0,360.0,1.0,Rural,Y,6894.0,High,2.175805047867711,High
516,LP002670,Female,Yes,2,Graduate,No,2031.0,1632.0,113.0,480.0,1.0,Semiurban,Y,3663.0,Medium,3.0849030849030847,High
517,LP002682,Male,Yes,0,Not Graduate,No,3074.0,1800.0,123.0,360.0,0.0,Semiurban,N,4874.0,Medium,2.5235945835043085,High
518,LP002683,Male,No,0,Graduate,No,4683.0,1915.0,185.0,360.0,1.0,Semiurban,N,6598.0,High,2.803879963625341,High
519,LP002684,Female,No,0,Not Graduate,No,3400.0,0.0,95.0,360.0,1.0,Rural,N,3400.0,Medium,2.794117647058824,High
520,LP002689,Male,Yes,2,Not Graduate,No,2192.0,1742.0,45.0,360.0,1.0,Semiurban,Y,3934.0,Medium,1.1438739196746313,Medium
521,LP002690,Male,No,0,Graduate,No,2500.0,0.0,55.0,360.0,1.0,Semiurban,Y,2500.0,Low,2.1999999999999997,High
522,LP002692,Male,Yes,3+,Graduate,Yes,5677.0,1424.0,100.0,360.0,1.0,Rural,Y,7101.0,High,1.408252358822701,Medium
523,LP002693,Male,Yes,2,Graduate,Yes,7948.0,7166.0,480.0,360.0,1.0,Rural,Y,15114.0,Very high,3.1758634378721715,High
524,LP002697,Male,No,0,Graduate,No,4680.0,2087.0,146.41216216216216,360.0,1.0,Semiurban,N,6767.0,High,2.1636199521525366,High
525,LP002699,Male,Yes,2,Graduate,Yes,17500.0,0.0,400.0,360.0,1.0,Rural,Y,17500.0,Very high,2.2857142857142856,High
526,LP002705,Male,Yes,0,Graduate,No,3775.0,0.0,110.0,360.0,1.0,Semiurban,Y,3775.0,Medium,2.913907284768212,High
527,LP002706,Male,Yes,1,Not Graduate,No,5285.0,1430.0,161.0,360.0,0.0,Semiurban,Y,6715.0,High,2.3976172747580042,High
528,LP002714,Male,No,1,Not Graduate,No,2679.0,1302.0,94.0,360.0,1.0,Semiurban,Y,3981.0,Medium,2.361215774930922,High
529,LP002716,Male,No,0,Not Graduate,No,6783.0,0.0,130.0,360.0,1.0,Semiurban,Y,6783.0,High,1.9165560961226595,Medium
530,LP002717,Male,Yes,0,Graduate,No,1025.0,5500.0,216.0,360.0,1.0,Rural,Y,6525.0,High,3.310344827586207,High
531,LP002720,Male,Yes,3+,Graduate,No,4281.0,0.0,100.0,360.0,1.0,Urban,Y,4281.0,Medium,2.3359028264424198,High
532,LP002723,Male,No,2,Graduate,No,3588.0,0.0,110.0,360.0,0.0,Rural,N,3588.0,Medium,3.0657748049052396,High
533,LP002729,Male,No,1,Graduate,No,11250.0,0.0,196.0,360.0,1.0,Semiurban,N,11250.0,Very high,1.7422222222222221,Medium
534,LP002731,Female,No,0,Not Graduate,Yes,18165.0,0.0,125.0,360.0,1.0,Urban,Y,18165.0,Very high,0.6881365262868153,Low
535,LP002732,Male,No,0,Not Graduate,No,2550.0,2042.0,126.0,360.0,1.0,Rural,Y,4592.0,Medium,2.7439024390243905,High
536,LP002734,Male,Yes,0,Graduate,No,6133.0,3906.0,324.0,360.0,1.0,Urban,Y,10039.0,Very high,3.227413088953083,High
537,LP002738,Male,No,2,Graduate,No,3617.0,0.0,107.0,360.0,1.0,Semiurban,Y,3617.0,Medium,2.958252695604092,High
538,LP002739,Male,Yes,0,Not Graduate,No,2917.0,536.0,66.0,360.0,1.0,Rural,N,3453.0,Medium,1.9113814074717639,Medium
539,LP002740,Male,Yes,3+,Graduate,No,6417.0,0.0,157.0,180.0,1.0,Rural,Y,6417.0,High,2.446626149290946,High
540,LP002741,Female,Yes,1,Graduate,No,4608.0,2845.0,140.0,180.0,1.0,Semiurban,Y,7453.0,High,1.8784382128002146,Medium
541,LP002743,Female,No,0,Graduate,No,2138.0,0.0,99.0,360.0,0.0,Semiurban,N,2138.0,Low,4.630495790458372,Very high
542,LP002753,Female,No,1,Graduate,No,3652.0,0.0,95.0,360.0,1.0,Semiurban,Y,3652.0,Medium,2.6013143483023002,High
543,LP002755,Male,Yes,1,Not Graduate,No,2239.0,2524.0,128.0,360.0,1.0,Urban,Y,4763.0,Medium,2.6873819021625023,High
544,LP002757,Female,Yes,0,Not Graduate,No,3017.0,663.0,102.0,360.0,1.0,Semiurban,Y,3680.0,Medium,2.7717391304347827,High
545,LP002767,Male,Yes,0,Graduate,No,2768.0,1950.0,155.0,360.0,1.0,Rural,Y,4718.0,Medium,3.2852903772785083,High
546,LP002768,Male,No,0,Not Graduate,No,3358.0,0.0,80.0,36.0,1.0,Semiurban,N,3358.0,Medium,2.3823704586063132,High
547,LP002772,Male,No,0,Graduate,No,2526.0,1783.0,145.0,360.0,1.0,Rural,Y,4309.0,Medium,3.365049895567417,High
548,LP002776,Female,No,0,Graduate,No,5000.0,0.0,103.0,360.0,0.0,Semiurban,N,5000.0,Medium,2.06,High
549,LP002777,Male,Yes,0,Graduate,No,2785.0,2016.0,110.0,360.0,1.0,Rural,Y,4801.0,Medium,2.2911893355550927,High
550,LP002778,Male,Yes,2,Graduate,Yes,6633.0,0.0,146.41216216216216,360.0,0.0,Rural,N,6633.0,High,2.2073294461354163,High
551,LP002784,Male,Yes,1,Not Graduate,No,2492.0,2375.0,146.41216216216216,360.0,1.0,Rural,Y,4867.0,Medium,3.0082630401101738,High
552,LP002785,Male,Yes,1,Graduate,No,3333.0,3250.0,158.0,360.0,1.0,Urban,Y,6583.0,High,2.4001215251405137,High
553,LP002788,Male,Yes,0,Not Graduate,No,2454.0,2333.0,181.0,360.0,0.0,Urban,N,4787.0,Medium,3.781073741382912,High
554,LP002789,Male,Yes,0,Graduate,No,3593.0,4266.0,132.0,180.0,0.0,Rural,N,7859.0,High,1.679603002926581,Medium
555,LP002792,Male,Yes,1,Graduate,No,5468.0,1032.0,26.0,360.0,1.0,Semiurban,Y,6500.0,High,0.4,Low
556,LP002794,Female,No,0,Graduate,No,2667.0,1625.0,84.0,360.0,1.0,Urban,Y,4292.0,Medium,1.95712954333644,Medium
557,LP002795,Male,Yes,3+,Graduate,Yes,10139.0,0.0,260.0,360.0,1.0,Semiurban,Y,10139.0,Very high,2.5643554591182562,High
558,LP002798,Male,Yes,0,Graduate,No,3887.0,2669.0,162.0,360.0,1.0,Semiurban,Y,6556.0,High,2.471018913971934,High
559,LP002804,Female,Yes,0,Graduate,No,4180.0,2306.0,182.0,360.0,1.0,Semiurban,Y,6486.0,High,2.80604378661733,High
560,LP002807,Male,Yes,2,Not Graduate,No,3675.0,242.0,108.0,360.0,1.0,Semiurban,Y,3917.0,Medium,2.7572121521572632,High
561,LP002813,Female,Yes,1,Graduate,Yes,19484.0,0.0,600.0,360.0,1.0,Semiurban,Y,19484.0,Very high,3.079449804968179,High
562,LP002820,Male,Yes,0,Graduate,No,5923.0,2054.0,211.0,360.0,1.0,Rural,Y,7977.0,High,2.6451046759433368,High
563,LP002821,Male,No,0,Not Graduate,Yes,5800.0,0.0,132.0,360.0,1.0,Semiurban,Y,5800.0,High,2.2758620689655173,High
564,LP002832,Male,Yes,2,Graduate,No,8799.0,0.0,258.0,360.0,0.0,Urban,N,8799.0,High,2.9321513808387314,High
565,LP002833,Male,Yes,0,Not Graduate,No,4467.0,0.0,120.0,360.0,1.0,Rural,Y,4467.0,Medium,2.6863666890530555,High
566,LP002836,Male,No,0,Graduate,No,3333.0,0.0,70.0,360.0,1.0,Urban,Y,3333.0,Medium,2.1002100210021,High
567,LP002837,Male,Yes,3+,Graduate,No,3400.0,2500.0,123.0,360.0,0.0,Rural,N,5900.0,High,2.0847457627118646,High
568,LP002840,Female,No,0,Graduate,No,2378.0,0.0,9.0,360.0,1.0,Urban,N,2378.0,Low,0.37846930193439865,Low
569,LP002841,Male,Yes,0,Graduate,No,3166.0,2064.0,104.0,360.0,0.0,Urban,N,5230.0,High,1.9885277246653918,Medium
570,LP002842,Male,Yes,1,Graduate,No,3417.0,1750.0,186.0,360.0,1.0,Urban,Y,5167.0,High,3.5997677569189084,High
571,LP002847,Male,Yes,0,Graduate,No,5116.0,1451.0,165.0,360.0,0.0,Urban,N,6567.0,High,2.512562814070352,High
572,LP002855,Male,Yes,2,Graduate,No,16666.0,0.0,275.0,360.0,1.0,Urban,Y,16666.0,Very high,1.6500660026401055,Medium
573,LP002862,Male,Yes,2,Not Graduate,No,6125.0,1625.0,187.0,480.0,1.0,Semiurban,N,7750.0,High,2.412903225806452,High
574,LP002863,Male,Yes,3+,Graduate,No,6406.0,0.0,150.0,360.0,1.0,Semiurban,N,6406.0,High,2.3415547923821416,High
575,LP002868,Male,Yes,2,Graduate,No,3159.0,461.0,108.0,84.0,1.0,Urban,Y,3620.0,Medium,2.983425414364641,High
576,LP002872,Male,Yes,0,Graduate,No,3087.0,2210.0,136.0,360.0,0.0,Semiurban,N,5297.0,High,2.567491032659996,High
577,LP002874,Male,No,0,Graduate,No,3229.0,2739.0,110.0,360.0,1.0,Urban,Y,5968.0,High,1.8431635388739944,Medium
578,LP002877,Male,Yes,1,Graduate,No,1782.0,2232.0,107.0,360.0,1.0,Rural,Y,4014.0,Medium,2.665670154459392,High
579,LP002888,Male,No,0,Graduate,No,3182.0,2917.0,161.0,360.0,1.0,Urban,Y,6099.0,High,2.6397770126250206,High
580,LP002892,Male,Yes,2,Graduate,No,6540.0,0.0,205.0,360.0,1.0,Semiurban,Y,6540.0,High,3.134556574923547,High
581,LP002893,Male,No,0,Graduate,No,1836.0,33837.0,90.0,360.0,1.0,Urban,N,35673.0,Very high,0.2522916491464132,Low
582,LP002894,Female,Yes,0,Graduate,No,3166.0,0.0,36.0,360.0,1.0,Semiurban,Y,3166.0,Medium,1.137081490840177,Medium
583,LP002898,Male,Yes,1,Graduate,No,1880.0,0.0,61.0,360.0,1.0,Rural,N,1880.0,Low,3.2446808510638294,High
584,LP002911,Male,Yes,1,Graduate,No,2787.0,1917.0,146.0,360.0,0.0,Rural,N,4704.0,Medium,3.1037414965986394,High
585,LP002912,Male,Yes,1,Graduate,No,4283.0,3000.0,172.0,84.0,1.0,Rural,N,7283.0,High,2.361664149388988,High
586,LP002916,Male,Yes,0,Graduate,No,2297.0,1522.0,104.0,360.0,1.0,Urban,Y,3819.0,Medium,2.7232259753862267,High
587,LP002917,Female,No,0,Not Graduate,No,2165.0,0.0,70.0,360.0,1.0,Semiurban,Y,2165.0,Low,3.233256351039261,High
588,LP002925,Male,No,0,Graduate,No,4750.0,0.0,94.0,360.0,1.0,Semiurban,Y,4750.0,Medium,1.9789473684210528,Medium
589,LP002926,Male,Yes,2,Graduate,Yes,2726.0,0.0,106.0,360.0,0.0,Semiurban,N,2726.0,Medium,3.8884812912692595,High
590,LP002928,Male,Yes,0,Graduate,No,3000.0,3416.0,56.0,180.0,1.0,Semiurban,Y,6416.0,High,0.8728179551122194,Low
591,LP002931,Male,Yes,2,Graduate,Yes,6000.0,0.0,205.0,240.0,1.0,Semiurban,N,6000.0,High,3.4166666666666665,High
592,LP002933,Male,No,3+,Graduate,Yes,9357.0,0.0,292.0,360.0,1.0,Semiurban,Y,9357.0,High,3.120658330661537,High
593,LP002936,Male,Yes,0,Graduate,No,3859.0,3300.0,142.0,180.0,1.0,Rural,Y,7159.0,High,1.9835172510127113,Medium
594,LP002938,Male,Yes,0,Graduate,Yes,16120.0,0.0,260.0,360.0,1.0,Urban,Y,16120.0,Very high,1.6129032258064515,Medium
595,LP002940,Male,No,0,Not Graduate,No,3833.0,0.0,110.0,360.0,1.0,Rural,Y,3833.0,Medium,2.869814766501435,High
596,LP002941,Male,Yes,2,Not Graduate,Yes,6383.0,1000.0,187.0,360.0,1.0,Rural,N,7383.0,High,2.532845726669376,High
597,LP002943,Male,No,0,Graduate,No,2987.0,0.0,88.0,360.0,0.0,Semiurban,N,2987.0,Medium,2.9460997656511547,High
598,LP002945,Male,Yes,0,Graduate,Yes,9963.0,0.0,180.0,360.0,1.0,Rural,Y,9963.0,High,1.8066847335140017,Medium
599,LP002948,Male,Yes,2,Graduate,No,5780.0,0.0,192.0,360.0,1.0,Urban,Y,5780.0,High,3.3217993079584778,High
600,LP002949,Female,No,3+,Graduate,No,416.0,41667.0,350.0,180.0,1.0,Urban,N,42083.0,Very high,0.8316897559584631,Low
601,LP002950,Male,Yes,0,Not Graduate,No,2894.0,2792.0,155.0,360.0,1.0,Rural,Y,5686.0,High,2.725993668659866,High
602,LP002953,Male,Yes,3+,Graduate,No,5703.0,0.0,128.0,360.0,1.0,Urban,Y,5703.0,High,2.244432754690514,High
603,LP002958,Male,No,0,Graduate,No,3676.0,4301.0,172.0,360.0,1.0,Rural,Y,7977.0,High,2.1561990723329574,High
604,LP002959,Female,Yes,1,Graduate,No,12000.0,0.0,496.0,360.0,1.0,Semiurban,Y,12000.0,Very high,4.133333333333333,Very high
605,LP002960,Male,Yes,0,Not Graduate,No,2400.0,3800.0,146.41216216216216,180.0,1.0,Urban,N,6200.0,High,2.3614864864864864,High
606,LP002961,Male,Yes,1,Graduate,No,3400.0,2500.0,173.0,360.0,1.0,Semiurban,Y,5900.0,High,2.932203389830508,High
607,LP002964,Male,Yes,2,Not Graduate,No,3987.0,1411.0,157.0,360.0,1.0,Rural,Y,5398.0,High,2.9084846239347906,High
608,LP002974,Male,Yes,0,Graduate,No,3232.0,1950.0,108.0,360.0,1.0,Rural,Y,5182.0,High,2.084137398687765,High
609,LP002978,Female,No,0,Graduate,No,2900.0,0.0,71.0,360.0,1.0,Rural,Y,2900.0,Medium,2.4482758620689657,High
610,LP002979,Male,Yes,3+,Graduate,No,4106.0,0.0,40.0,180.0,1.0,Rural,Y,4106.0,Medium,0.974184120798831,Low
611,LP002983,Male,Yes,1,Graduate,No,8072.0,240.0,253.0,360.0,1.0,Urban,Y,8312.0,High,3.0437921077959578,High
612,LP002984,Male,Yes,2,Graduate,No,7583.0,0.0,187.0,360.0,1.0,Urban,Y,7583.0,High,2.466042463404985,High
613,LP002990,Female,No,0,Graduate,Yes,4583.0,0.0,133.0,360.0,0.0,Semiurban,N,4583.0,Medium,2.902029238490072,High
